Customer_ID,Customer_Name,City,State,Signup_Date,Email
C0001,Aditya Agarwal,Indore,Madhya Pradesh,2024-12-04,aditya.agarwal1@example.com
C0002,Nisha Kapoor,Chandigarh,Chandigarh,2024-05-07,nisha.kapoor2@example.com
C0003,Ayaan Khanna,Chennai,Tamil Nadu,2025-11-13,ayaan.khanna3@example.com
C0004,Meera Kapoor,Pune,Maharashtra,2025-12-14,meera.kapoor4@example.com
C0005,Ayaan Khanna,Bengaluru,Karnataka,2024-07-15,ayaan.khanna5@example.com
C0006,Meera Agarwal,Pune,Maharashtra,2025-11-24,meera.agarwal6@example.com
C0007,Rohan Jain,Lucknow,Uttar Pradesh,2024-11-04,rohan.jain7@example.com
C0008,Isha Khanna,Kochi,Kerala,2024-01-01,isha.khanna8@example.com
C0009,Ayaan Singh,Hyderabad,Telangana,2025-03-16,ayaan.singh9@example.com
C0010,Kavya Jain,Chandigarh,Chandigarh,2024-11-25,kavya.jain10@example.com
C0011,Riya Bansal,Jaipur,Rajasthan,2025-11-22,riya.bansal11@example.com
C0012,Rahul Khanna,Jaipur,Rajasthan,2024-06-22,rahul.khanna12@example.com
C0013,Aditya Singh,Ahmedabad,Gujarat,2025-11-10,aditya.singh13@example.com
C0014,Nisha Kapoor,Mumbai,Maharashtra,2024-08-28,nisha.kapoor14@example.com
C0015,Ayaan Mehta,Gurugram,Haryana,2024-07-22,ayaan.mehta15@example.com
C0016,Kabir Sharma,Delhi,Delhi,2024-09-07,kabir.sharma16@example.com
C0017,Priya Jain,Kochi,Kerala,2024-03-15,priya.jain17@example.com
C0018,Riya Malhotra,Indore,Madhya Pradesh,2025-10-06,riya.malhotra18@example.com
C0019,Kavya Mehta,Noida,Uttar Pradesh,2025-12-14,kavya.mehta19@example.com
C0020,Isha Bansal,Pune,Maharashtra,2024-09-06,isha.bansal20@example.com
C0021,Kabir Agarwal,Noida,Uttar Pradesh,2024-01-06,kabir.agarwal21@example.com
C0022,Arjun Arora,Pune,Maharashtra,2024-08-12,arjun.arora22@example.com
C0023,Rohan Arora,Noida,Uttar Pradesh,2025-06-14,rohan.arora23@example.com
C0024,Riya Sharma,Ahmedabad,Gujarat,2024-09-12,riya.sharma24@example.com
C0025,Arjun Bansal,Bengaluru,Karnataka,2025-04-20,arjun.bansal25@example.com
C0026,Aditi Khanna,Lucknow,Uttar Pradesh,2024-11-20,aditi.khanna26@example.com
C0027,Riya Jain,Kochi,Kerala,2025-05-31,riya.jain27@example.com
C0028,Meera Chopra,Indore,Madhya Pradesh,2025-07-15,meera.chopra28@example.com
C0029,Riya Mishra,Bengaluru,Karnataka,2025-05-01,riya.mishra29@example.com
C0030,Riya Singh,Gurugram,Haryana,2024-09-10,riya.singh30@example.com
C0031,Ishaan Arora,Gurugram,Haryana,2025-06-17,ishaan.arora31@example.com
C0032,Priya Agarwal,Hyderabad,Telangana,2024-10-08,priya.agarwal32@example.com
C0033,Riya Verma,Noida,Uttar Pradesh,2024-10-19,riya.verma33@example.com
C0034,Karan Singh,Kolkata,West Bengal,2024-11-23,karan.singh34@example.com
C0035,Sneha Verma,Bengaluru,Karnataka,2024-06-03,sneha.verma35@example.com
C0036,Karan Malhotra,Noida,Uttar Pradesh,2024-06-05,karan.malhotra36@example.com
C0037,Rahul Verma,Pune,Maharashtra,2025-02-21,rahul.verma37@example.com
C0038,Ananya Khanna,Jaipur,Rajasthan,2025-03-01,ananya.khanna38@example.com
C0039,Vivaan Mehta,Kochi,Kerala,2025-03-06,vivaan.mehta39@example.com
C0040,Isha Mishra,Gurugram,Haryana,2025-08-21,isha.mishra40@example.com
C0041,Aarav Chopra,Indore,Madhya Pradesh,2025-08-12,aarav.chopra41@example.com
C0042,Isha Bansal,Delhi,Delhi,2024-12-26,isha.bansal42@example.com
C0043,Ayaan Arora,Pune,Maharashtra,2025-03-05,ayaan.arora43@example.com
C0044,Sneha Sethi,Noida,Uttar Pradesh,2025-07-13,sneha.sethi44@example.com
C0045,Nisha Mishra,Hyderabad,Telangana,2025-05-14,nisha.mishra45@example.com
C0046,Karan Singh,Pune,Maharashtra,2025-05-12,karan.singh46@example.com
C0047,Aarav Malhotra,Kolkata,West Bengal,2025-11-15,aarav.malhotra47@example.com
C0048,Isha Sethi,Bengaluru,Karnataka,2025-04-23,isha.sethi48@example.com
C0049,Kabir Jain,Ahmedabad,Gujarat,2024-01-28,kabir.jain49@example.com
C0050,Isha Jain,Lucknow,Uttar Pradesh,2025-11-09,isha.jain50@example.com
C0051,Aarav Verma,Chandigarh,Chandigarh,2025-03-14,aarav.verma51@example.com
C0052,Kabir Chopra,Jaipur,Rajasthan,2024-07-05,kabir.chopra52@example.com
C0053,Vivaan Singh,Pune,Maharashtra,2024-12-01,vivaan.singh53@example.com
C0054,Rahul Bansal,Kolkata,West Bengal,2024-12-11,rahul.bansal54@example.com
C0055,Isha Singh,Gurugram,Haryana,2025-03-07,isha.singh55@example.com
C0056,Ishaan Chopra,Mumbai,Maharashtra,2025-04-26,ishaan.chopra56@example.com
C0057,Aarav Sethi,Ahmedabad,Gujarat,2024-02-23,aarav.sethi57@example.com
C0058,Diya Mehta,Chandigarh,Chandigarh,2024-03-11,diya.mehta58@example.com
C0059,Vivaan Arora,Delhi,Delhi,2024-09-10,vivaan.arora59@example.com
C0060,Rahul Chopra,Delhi,Delhi,2025-09-28,rahul.chopra60@example.com
C0061,Kabir Mehta,Bengaluru,Karnataka,2025-04-29,kabir.mehta61@example.com
C0062,Arjun Jain,Hyderabad,Telangana,2025-04-21,arjun.jain62@example.com
C0063,Ishaan Arora,Kolkata,West Bengal,2024-06-20,ishaan.arora63@example.com
C0064,Nisha Jain,Noida,Uttar Pradesh,2024-04-27,nisha.jain64@example.com
C0065,Rohan Singh,Mumbai,Maharashtra,2025-08-15,rohan.singh65@example.com
C0066,Aarav Mishra,Chennai,Tamil Nadu,2025-08-12,aarav.mishra66@example.com
C0067,Isha Malhotra,Noida,Uttar Pradesh,2024-07-22,isha.malhotra67@example.com
C0068,Aditya Jain,Noida,Uttar Pradesh,2025-10-04,aditya.jain68@example.com
C0069,Karan Verma,Noida,Uttar Pradesh,2024-11-04,karan.verma69@example.com
C0070,Nisha Arora,Mumbai,Maharashtra,2025-08-02,nisha.arora70@example.com
C0071,Vivaan Kapoor,Ahmedabad,Gujarat,2025-03-14,vivaan.kapoor71@example.com
C0072,Diya Verma,Ahmedabad,Gujarat,2025-10-25,diya.verma72@example.com
C0073,Ananya Sharma,Kochi,Kerala,2025-03-06,ananya.sharma73@example.com
C0074,Priya Verma,Pune,Maharashtra,2025-01-05,priya.verma74@example.com
C0075,Riya Sethi,Bengaluru,Karnataka,2025-03-21,riya.sethi75@example.com
C0076,Rohan Sethi,Ahmedabad,Gujarat,2025-10-28,rohan.sethi76@example.com
C0077,Ishaan Jain,Gurugram,Haryana,2025-07-05,ishaan.jain77@example.com
C0078,Priya Bansal,Pune,Maharashtra,2025-08-29,priya.bansal78@example.com
C0079,Ishaan Kapoor,Kochi,Kerala,2024-09-08,ishaan.kapoor79@example.com
C0080,Aditya Singh,Indore,Madhya Pradesh,2025-04-06,aditya.singh80@example.com
C0081,Karan Arora,Jaipur,Rajasthan,2025-08-06,karan.arora81@example.com
C0082,Nisha Agarwal,Pune,Maharashtra,2024-12-10,nisha.agarwal82@example.com
C0083,Aarav Bansal,Kochi,Kerala,2024-11-28,aarav.bansal83@example.com
C0084,Rohan Bansal,Hyderabad,Telangana,2024-12-29,rohan.bansal84@example.com
C0085,Ishaan Kapoor,Chennai,Tamil Nadu,2025-09-02,ishaan.kapoor85@example.com
C0086,Ishaan Khanna,Delhi,Delhi,2025-06-13,ishaan.khanna86@example.com
C0087,Rahul Verma,Hyderabad,Telangana,2025-02-20,rahul.verma87@example.com
C0088,Priya Khanna,Gurugram,Haryana,2024-09-03,priya.khanna88@example.com
C0089,Priya Agarwal,Noida,Uttar Pradesh,2025-05-17,priya.agarwal89@example.com
C0090,Riya Arora,Delhi,Delhi,2024-04-05,riya.arora90@example.com
C0091,Ayaan Mehta,Pune,Maharashtra,2025-12-09,ayaan.mehta91@example.com
C0092,Karan Singh,Chandigarh,Chandigarh,2025-08-18,karan.singh92@example.com
C0093,Diya Bansal,Ahmedabad,Gujarat,2025-06-27,diya.bansal93@example.com
C0094,Diya Malhotra,Noida,Uttar Pradesh,2025-07-17,diya.malhotra94@example.com
C0095,Ananya Kapoor,Noida,Uttar Pradesh,2025-04-09,ananya.kapoor95@example.com
C0096,Ishaan Singh,Chennai,Tamil Nadu,2024-08-24,ishaan.singh96@example.com
C0097,Arjun Sethi,Hyderabad,Telangana,2024-11-19,arjun.sethi97@example.com
C0098,Arjun Sethi,Ahmedabad,Gujarat,2025-12-07,arjun.sethi98@example.com
C0099,Rohan Mehta,Hyderabad,Telangana,2025-05-10,rohan.mehta99@example.com
C0100,Ishaan Sethi,Lucknow,Uttar Pradesh,2025-06-21,ishaan.sethi100@example.com
C0101,Nisha Singh,Mumbai,Maharashtra,2024-07-17,nisha.singh101@example.com
C0102,Ayaan Mehta,Kolkata,West Bengal,2024-07-02,ayaan.mehta102@example.com
C0103,Ayaan Sharma,Noida,Uttar Pradesh,2025-06-30,ayaan.sharma103@example.com
C0104,Kabir Singh,Delhi,Delhi,2024-02-25,kabir.singh104@example.com
C0105,Sneha Singh,Noida,Uttar Pradesh,2024-05-09,sneha.singh105@example.com
C0106,Priya Verma,Kochi,Kerala,2024-01-13,priya.verma106@example.com
C0107,Kavya Singh,Jaipur,Rajasthan,2025-05-05,kavya.singh107@example.com
C0108,Riya Kapoor,Bengaluru,Karnataka,2024-02-22,riya.kapoor108@example.com
C0109,Ishaan Chopra,Jaipur,Rajasthan,2024-04-26,ishaan.chopra109@example.com
C0110,Aditya Malhotra,Jaipur,Rajasthan,2024-03-16,aditya.malhotra110@example.com
C0111,Kavya Agarwal,Chandigarh,Chandigarh,2024-02-24,kavya.agarwal111@example.com
C0112,Kabir Gupta,Gurugram,Haryana,2025-07-30,kabir.gupta112@example.com
C0113,Ayaan Verma,Hyderabad,Telangana,2024-05-01,ayaan.verma113@example.com
C0114,Sneha Arora,Pune,Maharashtra,2025-09-12,sneha.arora114@example.com
C0115,Nisha Arora,Lucknow,Uttar Pradesh,2024-08-19,nisha.arora115@example.com
C0116,Aditi Malhotra,Jaipur,Rajasthan,2025-03-29,aditi.malhotra116@example.com
C0117,Ayaan Chopra,Lucknow,Uttar Pradesh,2025-03-15,ayaan.chopra117@example.com
C0118,Ayaan Jain,Lucknow,Uttar Pradesh,2024-03-02,ayaan.jain118@example.com
C0119,Nisha Sethi,Mumbai,Maharashtra,2024-07-31,nisha.sethi119@example.com
C0120,Rahul Singh,Chandigarh,Chandigarh,2024-03-24,rahul.singh120@example.com
C0121,Rohan Mehta,Bengaluru,Karnataka,2025-07-19,rohan.mehta121@example.com
C0122,Aditya Gupta,Delhi,Delhi,2025-02-22,aditya.gupta122@example.com
C0123,Riya Sethi,Lucknow,Uttar Pradesh,2025-04-26,riya.sethi123@example.com
C0124,Ayaan Sharma,Hyderabad,Telangana,2024-10-22,ayaan.sharma124@example.com
C0125,Ayaan Sethi,Kochi,Kerala,2025-04-09,ayaan.sethi125@example.com
C0126,Aditya Agarwal,Hyderabad,Telangana,2024-09-27,aditya.agarwal126@example.com
C0127,Kavya Agarwal,Gurugram,Haryana,2024-07-21,kavya.agarwal127@example.com
C0128,Meera Verma,Ahmedabad,Gujarat,2024-08-18,meera.verma128@example.com
C0129,Kabir Mishra,Chennai,Tamil Nadu,2024-05-25,kabir.mishra129@example.com
C0130,Aditya Sharma,Bengaluru,Karnataka,2024-11-10,aditya.sharma130@example.com
C0131,Nisha Sethi,Kochi,Kerala,2025-08-05,nisha.sethi131@example.com
C0132,Ayaan Bansal,Mumbai,Maharashtra,2025-04-24,ayaan.bansal132@example.com
C0133,Ayaan Sethi,Pune,Maharashtra,2024-10-05,ayaan.sethi133@example.com
C0134,Aditi Khanna,Jaipur,Rajasthan,2025-03-24,aditi.khanna134@example.com
C0135,Aditya Jain,Delhi,Delhi,2025-03-18,aditya.jain135@example.com
C0136,Ananya Jain,Chennai,Tamil Nadu,2024-01-27,ananya.jain136@example.com
C0137,Aditya Mehta,Chandigarh,Chandigarh,2025-08-12,aditya.mehta137@example.com
C0138,Kavya Sharma,Gurugram,Haryana,2025-11-19,kavya.sharma138@example.com
C0139,Ishaan Jain,Delhi,Delhi,2024-06-28,ishaan.jain139@example.com
C0140,Priya Khanna,Chandigarh,Chandigarh,2025-03-28,priya.khanna140@example.com
C0141,Ishaan Gupta,Lucknow,Uttar Pradesh,2025-03-22,ishaan.gupta141@example.com
C0142,Priya Verma,Jaipur,Rajasthan,2024-12-22,priya.verma142@example.com
C0143,Meera Kapoor,Kolkata,West Bengal,2025-11-17,meera.kapoor143@example.com
C0144,Arjun Chopra,Bengaluru,Karnataka,2024-12-03,arjun.chopra144@example.com
C0145,Meera Sethi,Jaipur,Rajasthan,2024-10-22,meera.sethi145@example.com
C0146,Isha Chopra,Gurugram,Haryana,2025-07-17,isha.chopra146@example.com
C0147,Vivaan Bansal,Mumbai,Maharashtra,2024-11-18,vivaan.bansal147@example.com
C0148,Ishaan Kapoor,Mumbai,Maharashtra,2025-02-17,ishaan.kapoor148@example.com
C0149,Aditi Chopra,Delhi,Delhi,2025-11-04,aditi.chopra149@example.com
C0150,Sneha Bansal,Pune,Maharashtra,2024-02-25,sneha.bansal150@example.com
C0151,Rahul Khanna,Kolkata,West Bengal,2025-09-29,rahul.khanna151@example.com
C0152,Priya Agarwal,Jaipur,Rajasthan,2024-02-22,priya.agarwal152@example.com
C0153,Rahul Singh,Ahmedabad,Gujarat,2024-05-14,rahul.singh153@example.com
C0154,Ayaan Bansal,Indore,Madhya Pradesh,2025-12-16,ayaan.bansal154@example.com
C0155,Priya Verma,Delhi,Delhi,2025-10-07,priya.verma155@example.com
C0156,Nisha Arora,Hyderabad,Telangana,2025-12-27,nisha.arora156@example.com
C0157,Rohan Singh,Ahmedabad,Gujarat,2024-01-15,rohan.singh157@example.com
C0158,Sneha Malhotra,Mumbai,Maharashtra,2024-08-18,sneha.malhotra158@example.com
C0159,Arjun Bansal,Mumbai,Maharashtra,2025-10-25,arjun.bansal159@example.com
C0160,Kabir Bansal,Indore,Madhya Pradesh,2024-10-25,kabir.bansal160@example.com
C0161,Aditi Sethi,Chennai,Tamil Nadu,2025-03-01,aditi.sethi161@example.com
C0162,Priya Bansal,Hyderabad,Telangana,2025-04-12,priya.bansal162@example.com
C0163,Sneha Gupta,Pune,Maharashtra,2024-07-14,sneha.gupta163@example.com
C0164,Nisha Khanna,Noida,Uttar Pradesh,2024-05-19,nisha.khanna164@example.com
C0165,Aditya Singh,Gurugram,Haryana,2025-02-28,aditya.singh165@example.com
C0166,Ananya Mishra,Gurugram,Haryana,2025-06-03,ananya.mishra166@example.com
C0167,Ishaan Chopra,Delhi,Delhi,2024-10-16,ishaan.chopra167@example.com
C0168,Ayaan Chopra,Lucknow,Uttar Pradesh,2025-08-16,ayaan.chopra168@example.com
C0169,Priya Chopra,Bengaluru,Karnataka,2025-04-02,priya.chopra169@example.com
C0170,Sneha Bansal,Kolkata,West Bengal,2024-12-06,sneha.bansal170@example.com
C0171,Sneha Arora,Ahmedabad,Gujarat,2025-01-21,sneha.arora171@example.com
C0172,Riya Mishra,Kolkata,West Bengal,2024-07-12,riya.mishra172@example.com
C0173,Karan Jain,Pune,Maharashtra,2024-08-27,karan.jain173@example.com
C0174,Meera Sharma,Kolkata,West Bengal,2025-04-29,meera.sharma174@example.com
C0175,Isha Malhotra,Chandigarh,Chandigarh,2025-10-29,isha.malhotra175@example.com
C0176,Kabir Bansal,Delhi,Delhi,2024-05-09,kabir.bansal176@example.com
C0177,Aditi Jain,Kolkata,West Bengal,2024-04-12,aditi.jain177@example.com
C0178,Riya Verma,Ahmedabad,Gujarat,2025-04-12,riya.verma178@example.com
C0179,Aarav Sethi,Bengaluru,Karnataka,2025-02-23,aarav.sethi179@example.com
C0180,Kabir Verma,Jaipur,Rajasthan,2024-09-28,kabir.verma180@example.com
C0181,Ananya Jain,Noida,Uttar Pradesh,2025-02-11,ananya.jain181@example.com
C0182,Aditya Chopra,Kolkata,West Bengal,2025-11-21,aditya.chopra182@example.com
C0183,Sneha Malhotra,Kolkata,West Bengal,2025-10-03,sneha.malhotra183@example.com
C0184,Priya Chopra,Ahmedabad,Gujarat,2024-02-06,priya.chopra184@example.com
C0185,Nisha Verma,Hyderabad,Telangana,2025-10-08,nisha.verma185@example.com
C0186,Ayaan Mehta,Noida,Uttar Pradesh,2024-04-02,ayaan.mehta186@example.com
C0187,Meera Verma,Gurugram,Haryana,2025-10-10,meera.verma187@example.com
C0188,Arjun Bansal,Bengaluru,Karnataka,2025-12-11,arjun.bansal188@example.com
C0189,Ayaan Mishra,Delhi,Delhi,2024-02-17,ayaan.mishra189@example.com
C0190,Ananya Arora,Delhi,Delhi,2024-10-27,ananya.arora190@example.com
C0191,Diya Kapoor,Pune,Maharashtra,2024-05-29,diya.kapoor191@example.com
C0192,Karan Khanna,Pune,Maharashtra,2025-08-02,karan.khanna192@example.com
C0193,Rohan Gupta,Bengaluru,Karnataka,2024-03-21,rohan.gupta193@example.com
C0194,Nisha Chopra,Pune,Maharashtra,2025-09-26,nisha.chopra194@example.com
C0195,Karan Bansal,Indore,Madhya Pradesh,2025-08-20,karan.bansal195@example.com
C0196,Kabir Mehta,Jaipur,Rajasthan,2025-10-15,kabir.mehta196@example.com
C0197,Ishaan Bansal,Chennai,Tamil Nadu,2025-11-13,ishaan.bansal197@example.com
C0198,Aarav Mishra,Gurugram,Haryana,2025-04-21,aarav.mishra198@example.com
C0199,Ayaan Agarwal,Ahmedabad,Gujarat,2024-06-10,ayaan.agarwal199@example.com
C0200,Aditya Bansal,Kolkata,West Bengal,2025-08-24,aditya.bansal200@example.com
C0201,Ayaan Agarwal,Pune,Maharashtra,2025-12-07,ayaan.agarwal201@example.com
C0202,Ishaan Bansal,Kochi,Kerala,2024-11-05,ishaan.bansal202@example.com
C0203,Rahul Malhotra,Kochi,Kerala,2025-05-09,rahul.malhotra203@example.com
C0204,Arjun Mehta,Pune,Maharashtra,2025-08-08,arjun.mehta204@example.com
C0205,Diya Jain,Chennai,Tamil Nadu,2025-12-17,diya.jain205@example.com
C0206,Ayaan Sharma,Kochi,Kerala,2025-11-05,ayaan.sharma206@example.com
C0207,Isha Singh,Delhi,Delhi,2025-08-02,isha.singh207@example.com
C0208,Vivaan Mishra,Lucknow,Uttar Pradesh,2025-05-23,vivaan.mishra208@example.com
C0209,Ayaan Arora,Gurugram,Haryana,2024-08-23,ayaan.arora209@example.com
C0210,Nisha Arora,Kolkata,West Bengal,2024-08-12,nisha.arora210@example.com
C0211,Rahul Jain,Chennai,Tamil Nadu,2025-11-25,rahul.jain211@example.com
C0212,Kabir Agarwal,Mumbai,Maharashtra,2025-10-04,kabir.agarwal212@example.com
C0213,Vivaan Singh,Gurugram,Haryana,2025-03-27,vivaan.singh213@example.com
C0214,Vivaan Jain,Kolkata,West Bengal,2024-05-14,vivaan.jain214@example.com
C0215,Aditya Mishra,Chennai,Tamil Nadu,2024-11-30,aditya.mishra215@example.com
C0216,Meera Gupta,Hyderabad,Telangana,2024-05-15,meera.gupta216@example.com
C0217,Sneha Mishra,Kolkata,West Bengal,2025-06-27,sneha.mishra217@example.com
C0218,Aditi Mishra,Chennai,Tamil Nadu,2024-06-17,aditi.mishra218@example.com
C0219,Ishaan Mishra,Kochi,Kerala,2025-05-08,ishaan.mishra219@example.com
C0220,Ayaan Sethi,Kochi,Kerala,2024-12-12,ayaan.sethi220@example.com
C0221,Arjun Bansal,Mumbai,Maharashtra,2024-05-24,arjun.bansal221@example.com
C0222,Karan Chopra,Chandigarh,Chandigarh,2025-11-21,karan.chopra222@example.com
C0223,Isha Chopra,Gurugram,Haryana,2025-07-24,isha.chopra223@example.com
C0224,Diya Verma,Gurugram,Haryana,2025-02-08,diya.verma224@example.com
C0225,Aarav Singh,Ahmedabad,Gujarat,2024-05-06,aarav.singh225@example.com
C0226,Riya Kapoor,Chandigarh,Chandigarh,2025-11-19,riya.kapoor226@example.com
C0227,Ishaan Jain,Pune,Maharashtra,2025-10-15,ishaan.jain227@example.com
C0228,Diya Verma,Chandigarh,Chandigarh,2024-08-27,diya.verma228@example.com
C0229,Priya Sharma,Lucknow,Uttar Pradesh,2025-07-28,priya.sharma229@example.com
C0230,Ananya Mishra,Lucknow,Uttar Pradesh,2024-08-14,ananya.mishra230@example.com
C0231,Aditya Agarwal,Kochi,Kerala,2025-04-20,aditya.agarwal231@example.com
C0232,Ayaan Agarwal,Pune,Maharashtra,2024-04-29,ayaan.agarwal232@example.com
C0233,Kabir Sharma,Delhi,Delhi,2024-11-07,kabir.sharma233@example.com
C0234,Priya Verma,Mumbai,Maharashtra,2024-08-28,priya.verma234@example.com
C0235,Sneha Gupta,Pune,Maharashtra,2025-04-09,sneha.gupta235@example.com
C0236,Diya Agarwal,Noida,Uttar Pradesh,2025-12-14,diya.agarwal236@example.com
C0237,Sneha Malhotra,Lucknow,Uttar Pradesh,2024-06-07,sneha.malhotra237@example.com
C0238,Meera Agarwal,Mumbai,Maharashtra,2025-05-16,meera.agarwal238@example.com
C0239,Nisha Malhotra,Chennai,Tamil Nadu,2024-02-03,nisha.malhotra239@example.com
C0240,Diya Mehta,Jaipur,Rajasthan,2025-03-31,diya.mehta240@example.com
C0241,Karan Chopra,Kolkata,West Bengal,2024-04-11,karan.chopra241@example.com
C0242,Diya Khanna,Indore,Madhya Pradesh,2025-10-22,diya.khanna242@example.com
C0243,Diya Sharma,Pune,Maharashtra,2024-10-09,diya.sharma243@example.com
C0244,Rahul Verma,Kochi,Kerala,2025-04-10,rahul.verma244@example.com
C0245,Aditya Agarwal,Hyderabad,Telangana,2025-10-19,aditya.agarwal245@example.com
C0246,Nisha Sharma,Delhi,Delhi,2024-12-07,nisha.sharma246@example.com
C0247,Karan Gupta,Gurugram,Haryana,2025-08-01,karan.gupta247@example.com
C0248,Rahul Verma,Kochi,Kerala,2025-07-21,rahul.verma248@example.com
C0249,Rahul Jain,Hyderabad,Telangana,2024-08-26,rahul.jain249@example.com
C0250,Ananya Arora,Bengaluru,Karnataka,2025-09-02,ananya.arora250@example.com
C0251,Aarav Singh,Kochi,Kerala,2024-05-28,aarav.singh251@example.com
C0252,Kabir Khanna,Chennai,Tamil Nadu,2024-06-27,kabir.khanna252@example.com
C0253,Arjun Agarwal,Kochi,Kerala,2024-01-27,arjun.agarwal253@example.com
C0254,Kabir Sharma,Kolkata,West Bengal,2024-08-31,kabir.sharma254@example.com
C0255,Kavya Kapoor,Delhi,Delhi,2024-06-27,kavya.kapoor255@example.com
C0256,Ishaan Sharma,Bengaluru,Karnataka,2025-03-07,ishaan.sharma256@example.com
C0257,Aditi Verma,Noida,Uttar Pradesh,2024-03-06,aditi.verma257@example.com
C0258,Priya Bansal,Gurugram,Haryana,2025-01-05,priya.bansal258@example.com
C0259,Aditi Jain,Mumbai,Maharashtra,2025-04-07,aditi.jain259@example.com
C0260,Aditi Mehta,Lucknow,Uttar Pradesh,2024-02-14,aditi.mehta260@example.com
C0261,Aditi Singh,Jaipur,Rajasthan,2025-10-20,aditi.singh261@example.com
C0262,Aarav Sharma,Jaipur,Rajasthan,2025-02-15,aarav.sharma262@example.com
C0263,Meera Agarwal,Mumbai,Maharashtra,2025-05-17,meera.agarwal263@example.com
C0264,Riya Verma,Indore,Madhya Pradesh,2024-03-23,riya.verma264@example.com
C0265,Ananya Jain,Bengaluru,Karnataka,2024-03-08,ananya.jain265@example.com
C0266,Kabir Singh,Lucknow,Uttar Pradesh,2025-10-10,kabir.singh266@example.com
C0267,Kavya Khanna,Noida,Uttar Pradesh,2024-11-28,kavya.khanna267@example.com
C0268,Isha Jain,Ahmedabad,Gujarat,2024-10-28,isha.jain268@example.com
C0269,Riya Khanna,Lucknow,Uttar Pradesh,2025-03-16,riya.khanna269@example.com
C0270,Arjun Arora,Noida,Uttar Pradesh,2024-04-27,arjun.arora270@example.com
C0271,Sneha Sethi,Kochi,Kerala,2024-08-08,sneha.sethi271@example.com
C0272,Meera Bansal,Indore,Madhya Pradesh,2024-08-21,meera.bansal272@example.com
C0273,Meera Kapoor,Kochi,Kerala,2025-04-09,meera.kapoor273@example.com
C0274,Isha Malhotra,Noida,Uttar Pradesh,2024-04-07,isha.malhotra274@example.com
C0275,Ananya Malhotra,Kolkata,West Bengal,2025-11-12,ananya.malhotra275@example.com
C0276,Ishaan Kapoor,Bengaluru,Karnataka,2025-12-04,ishaan.kapoor276@example.com
C0277,Priya Verma,Mumbai,Maharashtra,2024-03-28,priya.verma277@example.com
C0278,Aditya Malhotra,Mumbai,Maharashtra,2025-01-16,aditya.malhotra278@example.com
C0279,Kabir Khanna,Delhi,Delhi,2025-08-23,kabir.khanna279@example.com
C0280,Sneha Khanna,Kolkata,West Bengal,2025-11-17,sneha.khanna280@example.com
C0281,Arjun Malhotra,Kolkata,West Bengal,2025-11-12,arjun.malhotra281@example.com
C0282,Meera Chopra,Indore,Madhya Pradesh,2024-02-22,meera.chopra282@example.com
C0283,Ayaan Jain,Chennai,Tamil Nadu,2024-12-26,ayaan.jain283@example.com
C0284,Arjun Jain,Ahmedabad,Gujarat,2024-08-05,arjun.jain284@example.com
C0285,Kabir Agarwal,Jaipur,Rajasthan,2024-08-17,kabir.agarwal285@example.com
C0286,Arjun Kapoor,Kochi,Kerala,2025-07-23,arjun.kapoor286@example.com
C0287,Diya Verma,Gurugram,Haryana,2024-10-12,diya.verma287@example.com
C0288,Kavya Mehta,Gurugram,Haryana,2025-03-15,kavya.mehta288@example.com
C0289,Sneha Arora,Kochi,Kerala,2025-09-28,sneha.arora289@example.com
C0290,Nisha Agarwal,Chandigarh,Chandigarh,2025-07-24,nisha.agarwal290@example.com
C0291,Aarav Jain,Indore,Madhya Pradesh,2025-11-04,aarav.jain291@example.com
C0292,Ishaan Sharma,Bengaluru,Karnataka,2024-10-06,ishaan.sharma292@example.com
C0293,Ayaan Mishra,Kolkata,West Bengal,2024-12-25,ayaan.mishra293@example.com
C0294,Aarav Gupta,Kochi,Kerala,2024-05-26,aarav.gupta294@example.com
C0295,Kavya Agarwal,Pune,Maharashtra,2024-03-12,kavya.agarwal295@example.com
C0296,Kabir Sethi,Chandigarh,Chandigarh,2024-02-01,kabir.sethi296@example.com
C0297,Aditya Sethi,Ahmedabad,Gujarat,2024-08-08,aditya.sethi297@example.com
C0298,Isha Malhotra,Jaipur,Rajasthan,2024-12-15,isha.malhotra298@example.com
C0299,Rohan Kapoor,Chennai,Tamil Nadu,2024-11-28,rohan.kapoor299@example.com
C0300,Kavya Jain,Mumbai,Maharashtra,2024-02-23,kavya.jain300@example.com
C0301,Kabir Gupta,Gurugram,Haryana,2025-09-24,kabir.gupta301@example.com
C0302,Vivaan Agarwal,Mumbai,Maharashtra,2024-10-05,vivaan.agarwal302@example.com
C0303,Riya Agarwal,Pune,Maharashtra,2025-05-12,riya.agarwal303@example.com
C0304,Nisha Bansal,Pune,Maharashtra,2024-10-06,nisha.bansal304@example.com
C0305,Rahul Arora,Ahmedabad,Gujarat,2024-04-26,rahul.arora305@example.com
C0306,Diya Malhotra,Mumbai,Maharashtra,2024-10-17,diya.malhotra306@example.com
C0307,Kavya Bansal,Ahmedabad,Gujarat,2025-11-14,kavya.bansal307@example.com
C0308,Ayaan Sharma,Hyderabad,Telangana,2025-02-08,ayaan.sharma308@example.com
C0309,Nisha Sharma,Delhi,Delhi,2024-07-28,nisha.sharma309@example.com
C0310,Ayaan Mehta,Gurugram,Haryana,2024-05-20,ayaan.mehta310@example.com
C0311,Ishaan Singh,Kolkata,West Bengal,2024-05-02,ishaan.singh311@example.com
C0312,Aarav Bansal,Noida,Uttar Pradesh,2025-03-16,aarav.bansal312@example.com
C0313,Rohan Gupta,Pune,Maharashtra,2025-06-29,rohan.gupta313@example.com
C0314,Karan Khanna,Ahmedabad,Gujarat,2025-11-15,karan.khanna314@example.com
C0315,Diya Verma,Pune,Maharashtra,2024-02-13,diya.verma315@example.com
C0316,Meera Sharma,Jaipur,Rajasthan,2024-03-20,meera.sharma316@example.com
C0317,Ananya Jain,Pune,Maharashtra,2025-08-10,ananya.jain317@example.com
C0318,Isha Sethi,Chandigarh,Chandigarh,2025-03-03,isha.sethi318@example.com
C0319,Ayaan Verma,Pune,Maharashtra,2024-01-22,ayaan.verma319@example.com
C0320,Ananya Gupta,Gurugram,Haryana,2025-09-24,ananya.gupta320@example.com
C0321,Riya Chopra,Noida,Uttar Pradesh,2025-01-05,riya.chopra321@example.com
C0322,Aditya Malhotra,Kochi,Kerala,2024-04-18,aditya.malhotra322@example.com
C0323,Karan Malhotra,Lucknow,Uttar Pradesh,2025-02-14,karan.malhotra323@example.com
C0324,Aditi Verma,Pune,Maharashtra,2024-11-13,aditi.verma324@example.com
C0325,Ananya Mehta,Kolkata,West Bengal,2024-06-21,ananya.mehta325@example.com
C0326,Aditya Khanna,Chandigarh,Chandigarh,2024-04-26,aditya.khanna326@example.com
C0327,Aditi Khanna,Hyderabad,Telangana,2024-12-23,aditi.khanna327@example.com
C0328,Diya Sethi,Kochi,Kerala,2025-10-22,diya.sethi328@example.com
C0329,Kabir Mehta,Mumbai,Maharashtra,2024-05-29,kabir.mehta329@example.com
C0330,Ishaan Mehta,Bengaluru,Karnataka,2025-09-08,ishaan.mehta330@example.com
C0331,Kabir Arora,Gurugram,Haryana,2025-11-02,kabir.arora331@example.com
C0332,Aditya Gupta,Gurugram,Haryana,2025-10-05,aditya.gupta332@example.com
C0333,Priya Bansal,Gurugram,Haryana,2025-07-31,priya.bansal333@example.com
C0334,Kavya Bansal,Chandigarh,Chandigarh,2025-08-01,kavya.bansal334@example.com
C0335,Nisha Kapoor,Kochi,Kerala,2025-10-04,nisha.kapoor335@example.com
C0336,Ananya Gupta,Jaipur,Rajasthan,2024-03-10,ananya.gupta336@example.com
C0337,Priya Bansal,Chandigarh,Chandigarh,2024-11-06,priya.bansal337@example.com
C0338,Ishaan Jain,Delhi,Delhi,2024-12-26,ishaan.jain338@example.com
C0339,Aditi Verma,Chennai,Tamil Nadu,2025-04-17,aditi.verma339@example.com
C0340,Riya Sharma,Delhi,Delhi,2025-01-12,riya.sharma340@example.com
C0341,Ayaan Verma,Chandigarh,Chandigarh,2024-04-02,ayaan.verma341@example.com
C0342,Nisha Jain,Ahmedabad,Gujarat,2025-01-28,nisha.jain342@example.com
C0343,Riya Jain,Ahmedabad,Gujarat,2024-02-12,riya.jain343@example.com
C0344,Riya Mishra,Gurugram,Haryana,2025-08-08,riya.mishra344@example.com
C0345,Rahul Kapoor,Lucknow,Uttar Pradesh,2025-05-02,rahul.kapoor345@example.com
C0346,Aditi Gupta,Delhi,Delhi,2025-04-06,aditi.gupta346@example.com
C0347,Arjun Arora,Indore,Madhya Pradesh,2024-12-17,arjun.arora347@example.com
C0348,Aditya Khanna,Chandigarh,Chandigarh,2024-06-25,aditya.khanna348@example.com
C0349,Vivaan Mehta,Noida,Uttar Pradesh,2025-03-24,vivaan.mehta349@example.com
C0350,Riya Khanna,Ahmedabad,Gujarat,2025-09-16,riya.khanna350@example.com
C0351,Rohan Kapoor,Kolkata,West Bengal,2024-10-16,rohan.kapoor351@example.com
C0352,Isha Malhotra,Gurugram,Haryana,2024-12-12,isha.malhotra352@example.com
C0353,Nisha Sharma,Gurugram,Haryana,2025-10-08,nisha.sharma353@example.com
C0354,Ananya Verma,Kolkata,West Bengal,2024-04-06,ananya.verma354@example.com
C0355,Sneha Agarwal,Pune,Maharashtra,2024-10-17,sneha.agarwal355@example.com
C0356,Ishaan Sethi,Kochi,Kerala,2025-11-03,ishaan.sethi356@example.com
C0357,Nisha Chopra,Bengaluru,Karnataka,2024-12-07,nisha.chopra357@example.com
C0358,Aditya Jain,Chandigarh,Chandigarh,2024-05-24,aditya.jain358@example.com
C0359,Diya Singh,Chandigarh,Chandigarh,2025-12-16,diya.singh359@example.com
C0360,Isha Gupta,Lucknow,Uttar Pradesh,2025-12-26,isha.gupta360@example.com
C0361,Aditya Singh,Ahmedabad,Gujarat,2025-01-20,aditya.singh361@example.com
C0362,Ananya Chopra,Bengaluru,Karnataka,2025-11-17,ananya.chopra362@example.com
C0363,Aditi Verma,Chandigarh,Chandigarh,2025-11-17,aditi.verma363@example.com
C0364,Meera Khanna,Kolkata,West Bengal,2024-01-19,meera.khanna364@example.com
C0365,Diya Singh,Bengaluru,Karnataka,2024-08-07,diya.singh365@example.com
C0366,Ananya Arora,Jaipur,Rajasthan,2024-07-15,ananya.arora366@example.com
C0367,Karan Gupta,Bengaluru,Karnataka,2024-03-20,karan.gupta367@example.com
C0368,Ayaan Chopra,Gurugram,Haryana,2024-04-13,ayaan.chopra368@example.com
C0369,Aditi Arora,Ahmedabad,Gujarat,2025-06-23,aditi.arora369@example.com
C0370,Vivaan Agarwal,Kolkata,West Bengal,2025-09-24,vivaan.agarwal370@example.com
C0371,Kabir Jain,Pune,Maharashtra,2024-06-06,kabir.jain371@example.com
C0372,Rohan Gupta,Kochi,Kerala,2025-12-10,rohan.gupta372@example.com
C0373,Nisha Arora,Indore,Madhya Pradesh,2024-06-18,nisha.arora373@example.com
C0374,Riya Sharma,Pune,Maharashtra,2025-01-08,riya.sharma374@example.com
C0375,Karan Bansal,Lucknow,Uttar Pradesh,2024-10-18,karan.bansal375@example.com
C0376,Riya Mehta,Ahmedabad,Gujarat,2024-09-01,riya.mehta376@example.com
C0377,Ayaan Arora,Gurugram,Haryana,2025-04-25,ayaan.arora377@example.com
C0378,Rahul Kapoor,Chandigarh,Chandigarh,2025-08-07,rahul.kapoor378@example.com
C0379,Riya Bansal,Gurugram,Haryana,2024-10-15,riya.bansal379@example.com
C0380,Isha Khanna,Ahmedabad,Gujarat,2025-03-04,isha.khanna380@example.com
C0381,Rohan Chopra,Hyderabad,Telangana,2025-09-11,rohan.chopra381@example.com
C0382,Kabir Chopra,Chennai,Tamil Nadu,2024-02-23,kabir.chopra382@example.com
C0383,Priya Chopra,Kolkata,West Bengal,2025-07-21,priya.chopra383@example.com
C0384,Arjun Sethi,Kochi,Kerala,2025-06-12,arjun.sethi384@example.com
C0385,Arjun Singh,Mumbai,Maharashtra,2024-06-13,arjun.singh385@example.com
C0386,Ishaan Bansal,Indore,Madhya Pradesh,2025-06-09,ishaan.bansal386@example.com
C0387,Kabir Chopra,Pune,Maharashtra,2024-04-03,kabir.chopra387@example.com
C0388,Karan Chopra,Jaipur,Rajasthan,2024-12-23,karan.chopra388@example.com
C0389,Aarav Malhotra,Delhi,Delhi,2025-02-09,aarav.malhotra389@example.com
C0390,Aditi Kapoor,Hyderabad,Telangana,2025-01-30,aditi.kapoor390@example.com
C0391,Aditya Kapoor,Hyderabad,Telangana,2024-01-29,aditya.kapoor391@example.com
C0392,Ananya Mishra,Mumbai,Maharashtra,2025-10-27,ananya.mishra392@example.com
C0393,Ananya Arora,Bengaluru,Karnataka,2024-05-20,ananya.arora393@example.com
C0394,Vivaan Singh,Indore,Madhya Pradesh,2025-04-28,vivaan.singh394@example.com
C0395,Kabir Arora,Noida,Uttar Pradesh,2025-04-25,kabir.arora395@example.com
C0396,Riya Jain,Delhi,Delhi,2024-03-22,riya.jain396@example.com
C0397,Aarav Singh,Hyderabad,Telangana,2024-06-02,aarav.singh397@example.com
C0398,Sneha Sethi,Lucknow,Uttar Pradesh,2025-06-24,sneha.sethi398@example.com
C0399,Meera Verma,Gurugram,Haryana,2024-10-22,meera.verma399@example.com
C0400,Karan Singh,Mumbai,Maharashtra,2024-02-18,karan.singh400@example.com
C0401,Karan Malhotra,Chandigarh,Chandigarh,2025-09-29,karan.malhotra401@example.com
C0402,Riya Verma,Mumbai,Maharashtra,2025-05-26,riya.verma402@example.com
C0403,Nisha Khanna,Delhi,Delhi,2025-10-09,nisha.khanna403@example.com
C0404,Aditi Jain,Hyderabad,Telangana,2024-05-27,aditi.jain404@example.com
C0405,Ayaan Malhotra,Delhi,Delhi,2025-09-21,ayaan.malhotra405@example.com
C0406,Diya Mehta,Lucknow,Uttar Pradesh,2025-03-02,diya.mehta406@example.com
C0407,Rohan Agarwal,Chandigarh,Chandigarh,2024-03-28,rohan.agarwal407@example.com
C0408,Aditi Kapoor,Mumbai,Maharashtra,2025-06-22,aditi.kapoor408@example.com
C0409,Sneha Khanna,Gurugram,Haryana,2025-06-03,sneha.khanna409@example.com
C0410,Sneha Sharma,Pune,Maharashtra,2025-04-26,sneha.sharma410@example.com
C0411,Vivaan Agarwal,Pune,Maharashtra,2025-01-17,vivaan.agarwal411@example.com
C0412,Ishaan Sethi,Delhi,Delhi,2024-12-31,ishaan.sethi412@example.com
C0413,Aditya Kapoor,Hyderabad,Telangana,2025-11-03,aditya.kapoor413@example.com
C0414,Arjun Arora,Lucknow,Uttar Pradesh,2024-12-06,arjun.arora414@example.com
C0415,Kabir Sharma,Kolkata,West Bengal,2025-07-13,kabir.sharma415@example.com
C0416,Ananya Chopra,Chandigarh,Chandigarh,2024-06-28,ananya.chopra416@example.com
C0417,Riya Sethi,Jaipur,Rajasthan,2025-10-08,riya.sethi417@example.com
C0418,Rohan Arora,Bengaluru,Karnataka,2024-03-05,rohan.arora418@example.com
C0419,Riya Sharma,Chennai,Tamil Nadu,2024-07-25,riya.sharma419@example.com
C0420,Vivaan Arora,Hyderabad,Telangana,2024-02-12,vivaan.arora420@example.com
C0421,Ananya Mishra,Chennai,Tamil Nadu,2025-06-11,ananya.mishra421@example.com
C0422,Isha Chopra,Ahmedabad,Gujarat,2025-04-29,isha.chopra422@example.com
C0423,Ishaan Sharma,Gurugram,Haryana,2025-10-24,ishaan.sharma423@example.com
C0424,Rahul Singh,Kolkata,West Bengal,2024-02-18,rahul.singh424@example.com
C0425,Ananya Singh,Mumbai,Maharashtra,2025-01-11,ananya.singh425@example.com
C0426,Meera Mishra,Pune,Maharashtra,2025-03-26,meera.mishra426@example.com
C0427,Isha Kapoor,Bengaluru,Karnataka,2025-05-23,isha.kapoor427@example.com
C0428,Priya Kapoor,Indore,Madhya Pradesh,2025-06-15,priya.kapoor428@example.com
C0429,Ishaan Arora,Mumbai,Maharashtra,2025-03-10,ishaan.arora429@example.com
C0430,Aditya Malhotra,Lucknow,Uttar Pradesh,2024-07-03,aditya.malhotra430@example.com
C0431,Sneha Singh,Kolkata,West Bengal,2024-04-15,sneha.singh431@example.com
C0432,Aditya Kapoor,Chandigarh,Chandigarh,2024-10-29,aditya.kapoor432@example.com
C0433,Ayaan Bansal,Lucknow,Uttar Pradesh,2025-03-12,ayaan.bansal433@example.com
C0434,Rohan Sethi,Jaipur,Rajasthan,2024-12-25,rohan.sethi434@example.com
C0435,Riya Sharma,Noida,Uttar Pradesh,2024-12-27,riya.sharma435@example.com
C0436,Nisha Malhotra,Chennai,Tamil Nadu,2025-10-16,nisha.malhotra436@example.com
C0437,Vivaan Verma,Chandigarh,Chandigarh,2025-10-14,vivaan.verma437@example.com
C0438,Isha Kapoor,Ahmedabad,Gujarat,2025-11-26,isha.kapoor438@example.com
C0439,Rohan Sharma,Bengaluru,Karnataka,2025-09-14,rohan.sharma439@example.com
C0440,Riya Sharma,Bengaluru,Karnataka,2024-03-09,riya.sharma440@example.com
C0441,Karan Arora,Chandigarh,Chandigarh,2025-01-10,karan.arora441@example.com
C0442,Diya Malhotra,Lucknow,Uttar Pradesh,2024-02-03,diya.malhotra442@example.com
C0443,Nisha Gupta,Chandigarh,Chandigarh,2025-04-05,nisha.gupta443@example.com
C0444,Diya Kapoor,Jaipur,Rajasthan,2024-03-19,diya.kapoor444@example.com
C0445,Kavya Gupta,Ahmedabad,Gujarat,2025-01-10,kavya.gupta445@example.com
C0446,Isha Kapoor,Chandigarh,Chandigarh,2024-10-12,isha.kapoor446@example.com
C0447,Karan Verma,Delhi,Delhi,2024-07-09,karan.verma447@example.com
C0448,Priya Khanna,Pune,Maharashtra,2025-07-29,priya.khanna448@example.com
C0449,Arjun Singh,Gurugram,Haryana,2024-09-23,arjun.singh449@example.com
C0450,Riya Mehta,Lucknow,Uttar Pradesh,2024-10-19,riya.mehta450@example.com
C0451,Priya Mehta,Mumbai,Maharashtra,2024-05-18,priya.mehta451@example.com
C0452,Aditya Bansal,Bengaluru,Karnataka,2025-12-31,aditya.bansal452@example.com
C0453,Riya Verma,Gurugram,Haryana,2025-11-29,riya.verma453@example.com
C0454,Ananya Agarwal,Kolkata,West Bengal,2025-12-27,ananya.agarwal454@example.com
C0455,Aditya Khanna,Ahmedabad,Gujarat,2024-10-24,aditya.khanna455@example.com
C0456,Ayaan Chopra,Bengaluru,Karnataka,2025-12-29,ayaan.chopra456@example.com
C0457,Rohan Arora,Kolkata,West Bengal,2025-06-04,rohan.arora457@example.com
C0458,Karan Verma,Hyderabad,Telangana,2024-05-22,karan.verma458@example.com
C0459,Karan Arora,Jaipur,Rajasthan,2024-01-27,karan.arora459@example.com
C0460,Diya Khanna,Lucknow,Uttar Pradesh,2025-01-12,diya.khanna460@example.com
C0461,Riya Arora,Ahmedabad,Gujarat,2024-05-12,riya.arora461@example.com
C0462,Nisha Mishra,Mumbai,Maharashtra,2024-03-08,nisha.mishra462@example.com
C0463,Ayaan Malhotra,Noida,Uttar Pradesh,2025-05-05,ayaan.malhotra463@example.com
C0464,Aditi Malhotra,Gurugram,Haryana,2025-02-23,aditi.malhotra464@example.com
C0465,Kavya Verma,Bengaluru,Karnataka,2024-11-20,kavya.verma465@example.com
C0466,Aditya Bansal,Jaipur,Rajasthan,2025-11-27,aditya.bansal466@example.com
C0467,Aditi Kapoor,Bengaluru,Karnataka,2025-07-18,aditi.kapoor467@example.com
C0468,Kavya Gupta,Gurugram,Haryana,2024-05-12,kavya.gupta468@example.com
C0469,Meera Khanna,Indore,Madhya Pradesh,2024-02-26,meera.khanna469@example.com
C0470,Arjun Khanna,Bengaluru,Karnataka,2024-11-07,arjun.khanna470@example.com
C0471,Rohan Gupta,Kolkata,West Bengal,2025-12-27,rohan.gupta471@example.com
C0472,Karan Kapoor,Ahmedabad,Gujarat,2024-10-17,karan.kapoor472@example.com
C0473,Aditya Singh,Hyderabad,Telangana,2025-10-12,aditya.singh473@example.com
C0474,Sneha Singh,Bengaluru,Karnataka,2025-10-02,sneha.singh474@example.com
C0475,Ayaan Jain,Ahmedabad,Gujarat,2024-04-05,ayaan.jain475@example.com
C0476,Aditi Agarwal,Bengaluru,Karnataka,2025-08-29,aditi.agarwal476@example.com
C0477,Kavya Gupta,Bengaluru,Karnataka,2025-11-05,kavya.gupta477@example.com
C0478,Nisha Sethi,Indore,Madhya Pradesh,2025-09-11,nisha.sethi478@example.com
C0479,Ananya Chopra,Indore,Madhya Pradesh,2025-07-31,ananya.chopra479@example.com
C0480,Vivaan Chopra,Kochi,Kerala,2024-01-30,vivaan.chopra480@example.com
C0481,Aditya Sharma,Chandigarh,Chandigarh,2025-08-13,aditya.sharma481@example.com
C0482,Ishaan Agarwal,Hyderabad,Telangana,2025-08-08,ishaan.agarwal482@example.com
C0483,Meera Jain,Chandigarh,Chandigarh,2024-02-01,meera.jain483@example.com
C0484,Priya Mishra,Chandigarh,Chandigarh,2025-07-12,priya.mishra484@example.com
C0485,Ayaan Agarwal,Chennai,Tamil Nadu,2025-05-09,ayaan.agarwal485@example.com
C0486,Karan Arora,Gurugram,Haryana,2025-12-02,karan.arora486@example.com
C0487,Isha Singh,Jaipur,Rajasthan,2024-03-15,isha.singh487@example.com
C0488,Vivaan Gupta,Jaipur,Rajasthan,2025-03-01,vivaan.gupta488@example.com
C0489,Priya Bansal,Hyderabad,Telangana,2024-12-14,priya.bansal489@example.com
C0490,Nisha Gupta,Kolkata,West Bengal,2024-11-22,nisha.gupta490@example.com
C0491,Diya Malhotra,Bengaluru,Karnataka,2025-01-14,diya.malhotra491@example.com
C0492,Aditi Khanna,Mumbai,Maharashtra,2024-11-22,aditi.khanna492@example.com
C0493,Karan Bansal,Mumbai,Maharashtra,2024-09-30,karan.bansal493@example.com
C0494,Riya Mehta,Bengaluru,Karnataka,2024-04-09,riya.mehta494@example.com
C0495,Vivaan Singh,Pune,Maharashtra,2025-09-22,vivaan.singh495@example.com
C0496,Meera Mehta,Kochi,Kerala,2024-06-12,meera.mehta496@example.com
C0497,Ananya Mishra,Lucknow,Uttar Pradesh,2024-11-16,ananya.mishra497@example.com
C0498,Rahul Arora,Bengaluru,Karnataka,2025-05-25,rahul.arora498@example.com
C0499,Aditi Bansal,Jaipur,Rajasthan,2024-11-11,aditi.bansal499@example.com
C0500,Priya Sharma,Mumbai,Maharashtra,2025-02-06,priya.sharma500@example.com
C0501,Aditi Bansal,Hyderabad,Telangana,2024-08-08,aditi.bansal501@example.com
C0502,Kavya Kapoor,Delhi,Delhi,2024-02-21,kavya.kapoor502@example.com
C0503,Ayaan Bansal,Lucknow,Uttar Pradesh,2025-10-31,ayaan.bansal503@example.com
C0504,Priya Singh,Ahmedabad,Gujarat,2024-01-09,priya.singh504@example.com
C0505,Arjun Malhotra,Bengaluru,Karnataka,2024-09-27,arjun.malhotra505@example.com
C0506,Diya Arora,Pune,Maharashtra,2025-01-09,diya.arora506@example.com
C0507,Vivaan Malhotra,Delhi,Delhi,2025-08-06,vivaan.malhotra507@example.com
C0508,Sneha Mehta,Kolkata,West Bengal,2025-07-20,sneha.mehta508@example.com
C0509,Ayaan Verma,Pune,Maharashtra,2025-05-31,ayaan.verma509@example.com
C0510,Riya Arora,Ahmedabad,Gujarat,2024-10-13,riya.arora510@example.com
C0511,Nisha Agarwal,Lucknow,Uttar Pradesh,2024-05-01,nisha.agarwal511@example.com
C0512,Kabir Verma,Pune,Maharashtra,2025-01-17,kabir.verma512@example.com
C0513,Ananya Khanna,Kolkata,West Bengal,2024-05-27,ananya.khanna513@example.com
C0514,Rahul Jain,Ahmedabad,Gujarat,2025-02-15,rahul.jain514@example.com
C0515,Aditi Sharma,Delhi,Delhi,2024-02-09,aditi.sharma515@example.com
C0516,Kabir Sethi,Kolkata,West Bengal,2025-04-30,kabir.sethi516@example.com
C0517,Aditi Bansal,Bengaluru,Karnataka,2025-09-12,aditi.bansal517@example.com
C0518,Aditi Gupta,Kolkata,West Bengal,2025-09-19,aditi.gupta518@example.com
C0519,Ananya Gupta,Pune,Maharashtra,2025-09-23,ananya.gupta519@example.com
C0520,Ayaan Jain,Kolkata,West Bengal,2025-06-03,ayaan.jain520@example.com
C0521,Aditi Khanna,Jaipur,Rajasthan,2025-12-26,aditi.khanna521@example.com
C0522,Kavya Singh,Jaipur,Rajasthan,2024-01-18,kavya.singh522@example.com
C0523,Diya Kapoor,Chandigarh,Chandigarh,2024-04-22,diya.kapoor523@example.com
C0524,Meera Jain,Chennai,Tamil Nadu,2025-12-05,meera.jain524@example.com
C0525,Aarav Jain,Jaipur,Rajasthan,2024-09-28,aarav.jain525@example.com
C0526,Kavya Jain,Hyderabad,Telangana,2024-02-22,kavya.jain526@example.com
C0527,Kavya Bansal,Bengaluru,Karnataka,2025-06-20,kavya.bansal527@example.com
C0528,Nisha Arora,Kochi,Kerala,2025-01-24,nisha.arora528@example.com
C0529,Kabir Chopra,Chandigarh,Chandigarh,2024-09-05,kabir.chopra529@example.com
C0530,Vivaan Jain,Noida,Uttar Pradesh,2024-04-22,vivaan.jain530@example.com
C0531,Rahul Sharma,Jaipur,Rajasthan,2024-11-17,rahul.sharma531@example.com
C0532,Meera Gupta,Pune,Maharashtra,2025-12-08,meera.gupta532@example.com
C0533,Rahul Malhotra,Ahmedabad,Gujarat,2025-09-18,rahul.malhotra533@example.com
C0534,Priya Chopra,Kochi,Kerala,2024-03-04,priya.chopra534@example.com
C0535,Kabir Khanna,Hyderabad,Telangana,2025-07-28,kabir.khanna535@example.com
C0536,Ananya Agarwal,Jaipur,Rajasthan,2025-06-22,ananya.agarwal536@example.com
C0537,Isha Kapoor,Bengaluru,Karnataka,2025-04-15,isha.kapoor537@example.com
C0538,Sneha Kapoor,Ahmedabad,Gujarat,2024-12-28,sneha.kapoor538@example.com
C0539,Ishaan Jain,Jaipur,Rajasthan,2024-07-15,ishaan.jain539@example.com
C0540,Karan Singh,Ahmedabad,Gujarat,2024-11-01,karan.singh540@example.com
C0541,Karan Singh,Gurugram,Haryana,2024-10-22,karan.singh541@example.com
C0542,Rahul Sethi,Noida,Uttar Pradesh,2025-05-15,rahul.sethi542@example.com
C0543,Ananya Bansal,Kolkata,West Bengal,2025-07-27,ananya.bansal543@example.com
C0544,Ishaan Singh,Mumbai,Maharashtra,2025-08-10,ishaan.singh544@example.com
C0545,Sneha Malhotra,Indore,Madhya Pradesh,2025-02-08,sneha.malhotra545@example.com
C0546,Diya Arora,Gurugram,Haryana,2024-05-29,diya.arora546@example.com
C0547,Ayaan Sharma,Chennai,Tamil Nadu,2024-03-21,ayaan.sharma547@example.com
C0548,Diya Mishra,Jaipur,Rajasthan,2025-11-02,diya.mishra548@example.com
C0549,Ishaan Sethi,Jaipur,Rajasthan,2024-08-07,ishaan.sethi549@example.com
C0550,Rahul Chopra,Ahmedabad,Gujarat,2024-10-04,rahul.chopra550@example.com
C0551,Sneha Sethi,Chennai,Tamil Nadu,2024-05-20,sneha.sethi551@example.com
C0552,Arjun Jain,Noida,Uttar Pradesh,2025-08-23,arjun.jain552@example.com
C0553,Karan Mehta,Delhi,Delhi,2025-11-16,karan.mehta553@example.com
C0554,Aditi Mehta,Chandigarh,Chandigarh,2024-08-26,aditi.mehta554@example.com
C0555,Vivaan Verma,Pune,Maharashtra,2024-12-04,vivaan.verma555@example.com
C0556,Priya Verma,Chandigarh,Chandigarh,2024-05-20,priya.verma556@example.com
C0557,Aarav Khanna,Indore,Madhya Pradesh,2024-06-10,aarav.khanna557@example.com
C0558,Meera Agarwal,Indore,Madhya Pradesh,2025-05-02,meera.agarwal558@example.com
C0559,Priya Agarwal,Hyderabad,Telangana,2024-10-21,priya.agarwal559@example.com
C0560,Ananya Singh,Chandigarh,Chandigarh,2024-03-01,ananya.singh560@example.com
C0561,Aditya Agarwal,Lucknow,Uttar Pradesh,2024-08-25,aditya.agarwal561@example.com
C0562,Sneha Sethi,Noida,Uttar Pradesh,2024-02-08,sneha.sethi562@example.com
C0563,Rohan Malhotra,Indore,Madhya Pradesh,2024-06-29,rohan.malhotra563@example.com
C0564,Vivaan Chopra,Pune,Maharashtra,2025-05-22,vivaan.chopra564@example.com
C0565,Rohan Mishra,Noida,Uttar Pradesh,2024-10-23,rohan.mishra565@example.com
C0566,Vivaan Sharma,Chennai,Tamil Nadu,2025-08-04,vivaan.sharma566@example.com
C0567,Nisha Verma,Indore,Madhya Pradesh,2024-12-09,nisha.verma567@example.com
C0568,Ayaan Bansal,Chandigarh,Chandigarh,2025-07-10,ayaan.bansal568@example.com
C0569,Aditi Bansal,Indore,Madhya Pradesh,2024-05-17,aditi.bansal569@example.com
C0570,Aditi Bansal,Chennai,Tamil Nadu,2024-07-16,aditi.bansal570@example.com
C0571,Arjun Kapoor,Bengaluru,Karnataka,2025-04-14,arjun.kapoor571@example.com
C0572,Ishaan Sethi,Bengaluru,Karnataka,2024-01-15,ishaan.sethi572@example.com
C0573,Ananya Arora,Chennai,Tamil Nadu,2025-08-04,ananya.arora573@example.com
C0574,Rahul Gupta,Lucknow,Uttar Pradesh,2025-10-16,rahul.gupta574@example.com
C0575,Isha Chopra,Pune,Maharashtra,2025-06-11,isha.chopra575@example.com
C0576,Ananya Verma,Pune,Maharashtra,2025-11-16,ananya.verma576@example.com
C0577,Arjun Gupta,Bengaluru,Karnataka,2025-05-03,arjun.gupta577@example.com
C0578,Ananya Mishra,Hyderabad,Telangana,2024-01-07,ananya.mishra578@example.com
C0579,Ishaan Malhotra,Hyderabad,Telangana,2025-04-02,ishaan.malhotra579@example.com
C0580,Ishaan Kapoor,Chennai,Tamil Nadu,2025-08-19,ishaan.kapoor580@example.com
C0581,Kavya Sharma,Chennai,Tamil Nadu,2025-10-31,kavya.sharma581@example.com
C0582,Diya Sethi,Hyderabad,Telangana,2024-03-04,diya.sethi582@example.com
C0583,Arjun Bansal,Chennai,Tamil Nadu,2024-06-12,arjun.bansal583@example.com
C0584,Isha Agarwal,Ahmedabad,Gujarat,2025-12-21,isha.agarwal584@example.com
C0585,Ayaan Sethi,Mumbai,Maharashtra,2025-10-16,ayaan.sethi585@example.com
C0586,Ayaan Kapoor,Lucknow,Uttar Pradesh,2024-08-14,ayaan.kapoor586@example.com
C0587,Karan Gupta,Jaipur,Rajasthan,2024-06-05,karan.gupta587@example.com
C0588,Riya Sethi,Lucknow,Uttar Pradesh,2025-01-17,riya.sethi588@example.com
C0589,Meera Sethi,Ahmedabad,Gujarat,2025-04-27,meera.sethi589@example.com
C0590,Sneha Arora,Chandigarh,Chandigarh,2024-08-11,sneha.arora590@example.com
C0591,Karan Agarwal,Gurugram,Haryana,2025-09-02,karan.agarwal591@example.com
C0592,Aditya Khanna,Jaipur,Rajasthan,2025-06-24,aditya.khanna592@example.com
C0593,Diya Verma,Indore,Madhya Pradesh,2025-07-31,diya.verma593@example.com
C0594,Arjun Sharma,Kochi,Kerala,2025-07-14,arjun.sharma594@example.com
C0595,Aditi Mehta,Lucknow,Uttar Pradesh,2025-07-03,aditi.mehta595@example.com
C0596,Kabir Gupta,Kolkata,West Bengal,2025-06-16,kabir.gupta596@example.com
C0597,Riya Verma,Chandigarh,Chandigarh,2024-07-29,riya.verma597@example.com
C0598,Kavya Bansal,Mumbai,Maharashtra,2025-06-06,kavya.bansal598@example.com
C0599,Riya Arora,Delhi,Delhi,2025-04-09,riya.arora599@example.com
C0600,Kabir Khanna,Pune,Maharashtra,2025-04-12,kabir.khanna600@example.com
C0601,Kavya Sharma,Ahmedabad,Gujarat,2025-04-18,kavya.sharma601@example.com
C0602,Ayaan Sethi,Delhi,Delhi,2025-02-09,ayaan.sethi602@example.com
C0603,Ishaan Chopra,Delhi,Delhi,2024-08-11,ishaan.chopra603@example.com
C0604,Kavya Verma,Delhi,Delhi,2025-03-09,kavya.verma604@example.com
C0605,Diya Sethi,Mumbai,Maharashtra,2025-07-08,diya.sethi605@example.com
C0606,Vivaan Mishra,Indore,Madhya Pradesh,2024-03-11,vivaan.mishra606@example.com
C0607,Priya Sharma,Chennai,Tamil Nadu,2025-02-22,priya.sharma607@example.com
C0608,Rohan Arora,Bengaluru,Karnataka,2025-10-18,rohan.arora608@example.com
C0609,Meera Kapoor,Indore,Madhya Pradesh,2025-01-26,meera.kapoor609@example.com
C0610,Riya Chopra,Indore,Madhya Pradesh,2025-01-21,riya.chopra610@example.com
C0611,Isha Verma,Chandigarh,Chandigarh,2025-11-08,isha.verma611@example.com
C0612,Sneha Gupta,Chandigarh,Chandigarh,2024-12-22,sneha.gupta612@example.com
C0613,Arjun Gupta,Ahmedabad,Gujarat,2025-02-06,arjun.gupta613@example.com
C0614,Aditi Gupta,Noida,Uttar Pradesh,2024-08-16,aditi.gupta614@example.com
C0615,Aarav Arora,Delhi,Delhi,2024-11-01,aarav.arora615@example.com
C0616,Riya Agarwal,Noida,Uttar Pradesh,2025-07-11,riya.agarwal616@example.com
C0617,Meera Khanna,Pune,Maharashtra,2024-08-23,meera.khanna617@example.com
C0618,Karan Bansal,Kolkata,West Bengal,2024-06-07,karan.bansal618@example.com
C0619,Ishaan Mehta,Indore,Madhya Pradesh,2024-04-25,ishaan.mehta619@example.com
C0620,Vivaan Arora,Chandigarh,Chandigarh,2025-03-05,vivaan.arora620@example.com
C0621,Nisha Arora,Indore,Madhya Pradesh,2024-01-17,nisha.arora621@example.com
C0622,Karan Mehta,Mumbai,Maharashtra,2024-04-13,karan.mehta622@example.com
C0623,Nisha Sharma,Jaipur,Rajasthan,2025-09-04,nisha.sharma623@example.com
C0624,Vivaan Mehta,Noida,Uttar Pradesh,2024-02-15,vivaan.mehta624@example.com
C0625,Isha Bansal,Hyderabad,Telangana,2025-07-06,isha.bansal625@example.com
C0626,Rahul Arora,Kochi,Kerala,2024-02-27,rahul.arora626@example.com
C0627,Kabir Khanna,Chennai,Tamil Nadu,2024-08-27,kabir.khanna627@example.com
C0628,Kavya Kapoor,Lucknow,Uttar Pradesh,2025-09-04,kavya.kapoor628@example.com
C0629,Ananya Mehta,Chennai,Tamil Nadu,2024-05-26,ananya.mehta629@example.com
C0630,Aditi Mehta,Pune,Maharashtra,2024-11-03,aditi.mehta630@example.com
C0631,Ishaan Sharma,Ahmedabad,Gujarat,2025-08-28,ishaan.sharma631@example.com
C0632,Rohan Agarwal,Chandigarh,Chandigarh,2025-03-13,rohan.agarwal632@example.com
C0633,Sneha Bansal,Delhi,Delhi,2024-12-18,sneha.bansal633@example.com
C0634,Isha Arora,Ahmedabad,Gujarat,2024-11-22,isha.arora634@example.com
C0635,Meera Malhotra,Bengaluru,Karnataka,2024-11-03,meera.malhotra635@example.com
C0636,Isha Gupta,Gurugram,Haryana,2025-07-04,isha.gupta636@example.com
C0637,Priya Mehta,Kochi,Kerala,2024-08-18,priya.mehta637@example.com
C0638,Ayaan Chopra,Noida,Uttar Pradesh,2024-05-27,ayaan.chopra638@example.com
C0639,Riya Mishra,Delhi,Delhi,2025-07-29,riya.mishra639@example.com
C0640,Meera Malhotra,Ahmedabad,Gujarat,2025-06-26,meera.malhotra640@example.com
C0641,Kabir Malhotra,Hyderabad,Telangana,2024-09-18,kabir.malhotra641@example.com
C0642,Rahul Kapoor,Chandigarh,Chandigarh,2024-03-21,rahul.kapoor642@example.com
C0643,Riya Chopra,Kolkata,West Bengal,2024-04-04,riya.chopra643@example.com
C0644,Sneha Sethi,Kochi,Kerala,2024-07-14,sneha.sethi644@example.com
C0645,Vivaan Singh,Pune,Maharashtra,2025-11-20,vivaan.singh645@example.com
C0646,Nisha Jain,Delhi,Delhi,2024-03-15,nisha.jain646@example.com
C0647,Rahul Arora,Gurugram,Haryana,2025-08-24,rahul.arora647@example.com
C0648,Sneha Mehta,Jaipur,Rajasthan,2024-08-01,sneha.mehta648@example.com
C0649,Ananya Singh,Indore,Madhya Pradesh,2024-01-16,ananya.singh649@example.com
C0650,Rahul Mishra,Hyderabad,Telangana,2024-04-30,rahul.mishra650@example.com
C0651,Priya Mishra,Hyderabad,Telangana,2025-12-13,priya.mishra651@example.com
C0652,Nisha Sethi,Hyderabad,Telangana,2025-02-10,nisha.sethi652@example.com
C0653,Karan Khanna,Kolkata,West Bengal,2024-10-16,karan.khanna653@example.com
C0654,Isha Bansal,Ahmedabad,Gujarat,2025-10-26,isha.bansal654@example.com
C0655,Diya Singh,Chennai,Tamil Nadu,2025-01-03,diya.singh655@example.com
C0656,Aditi Mishra,Jaipur,Rajasthan,2025-04-22,aditi.mishra656@example.com
C0657,Arjun Arora,Noida,Uttar Pradesh,2025-04-25,arjun.arora657@example.com
C0658,Ananya Mishra,Hyderabad,Telangana,2025-01-14,ananya.mishra658@example.com
C0659,Ananya Malhotra,Delhi,Delhi,2025-07-30,ananya.malhotra659@example.com
C0660,Karan Sethi,Bengaluru,Karnataka,2024-01-17,karan.sethi660@example.com
C0661,Ishaan Khanna,Indore,Madhya Pradesh,2025-08-21,ishaan.khanna661@example.com
C0662,Kavya Sethi,Pune,Maharashtra,2024-10-29,kavya.sethi662@example.com
C0663,Kabir Mehta,Kolkata,West Bengal,2024-08-23,kabir.mehta663@example.com
C0664,Isha Jain,Kochi,Kerala,2024-09-08,isha.jain664@example.com
C0665,Priya Khanna,Chandigarh,Chandigarh,2025-12-02,priya.khanna665@example.com
C0666,Ananya Singh,Gurugram,Haryana,2025-05-15,ananya.singh666@example.com
C0667,Priya Bansal,Bengaluru,Karnataka,2024-12-26,priya.bansal667@example.com
C0668,Rohan Gupta,Noida,Uttar Pradesh,2025-07-13,rohan.gupta668@example.com
C0669,Priya Gupta,Indore,Madhya Pradesh,2025-07-09,priya.gupta669@example.com
C0670,Vivaan Khanna,Delhi,Delhi,2024-03-17,vivaan.khanna670@example.com
C0671,Vivaan Arora,Delhi,Delhi,2025-02-26,vivaan.arora671@example.com
C0672,Kabir Chopra,Chandigarh,Chandigarh,2024-08-24,kabir.chopra672@example.com
C0673,Aditya Sethi,Bengaluru,Karnataka,2024-01-10,aditya.sethi673@example.com
C0674,Rahul Khanna,Jaipur,Rajasthan,2025-01-17,rahul.khanna674@example.com
C0675,Vivaan Jain,Chandigarh,Chandigarh,2025-11-13,vivaan.jain675@example.com
C0676,Nisha Mishra,Jaipur,Rajasthan,2025-11-06,nisha.mishra676@example.com
C0677,Priya Sharma,Delhi,Delhi,2025-06-28,priya.sharma677@example.com
C0678,Sneha Malhotra,Delhi,Delhi,2024-01-18,sneha.malhotra678@example.com
C0679,Aditi Sethi,Chennai,Tamil Nadu,2025-07-02,aditi.sethi679@example.com
C0680,Ayaan Sharma,Ahmedabad,Gujarat,2025-12-15,ayaan.sharma680@example.com
C0681,Meera Arora,Indore,Madhya Pradesh,2024-07-02,meera.arora681@example.com
C0682,Arjun Mishra,Mumbai,Maharashtra,2025-06-20,arjun.mishra682@example.com
C0683,Kabir Mehta,Hyderabad,Telangana,2025-09-26,kabir.mehta683@example.com
C0684,Aditi Singh,Kochi,Kerala,2024-12-28,aditi.singh684@example.com
C0685,Ishaan Arora,Pune,Maharashtra,2024-03-21,ishaan.arora685@example.com
C0686,Diya Malhotra,Jaipur,Rajasthan,2025-08-01,diya.malhotra686@example.com
C0687,Karan Sethi,Hyderabad,Telangana,2024-11-03,karan.sethi687@example.com
C0688,Aditya Agarwal,Kochi,Kerala,2025-10-27,aditya.agarwal688@example.com
C0689,Vivaan Verma,Pune,Maharashtra,2025-01-23,vivaan.verma689@example.com
C0690,Isha Khanna,Jaipur,Rajasthan,2024-02-27,isha.khanna690@example.com
C0691,Aarav Sethi,Bengaluru,Karnataka,2024-03-25,aarav.sethi691@example.com
C0692,Priya Chopra,Pune,Maharashtra,2025-10-22,priya.chopra692@example.com
C0693,Ananya Jain,Kochi,Kerala,2024-04-07,ananya.jain693@example.com
C0694,Aditi Mishra,Delhi,Delhi,2024-08-23,aditi.mishra694@example.com
C0695,Rahul Mishra,Kochi,Kerala,2025-12-09,rahul.mishra695@example.com
C0696,Kavya Bansal,Chennai,Tamil Nadu,2024-02-17,kavya.bansal696@example.com
C0697,Aditya Agarwal,Indore,Madhya Pradesh,2024-10-14,aditya.agarwal697@example.com
C0698,Sneha Jain,Chandigarh,Chandigarh,2024-02-03,sneha.jain698@example.com
C0699,Rohan Mishra,Kochi,Kerala,2024-11-18,rohan.mishra699@example.com
C0700,Aarav Mehta,Lucknow,Uttar Pradesh,2024-05-27,aarav.mehta700@example.com
C0701,Isha Mishra,Mumbai,Maharashtra,2024-11-02,isha.mishra701@example.com
C0702,Rohan Jain,Hyderabad,Telangana,2025-08-03,rohan.jain702@example.com
C0703,Isha Agarwal,Indore,Madhya Pradesh,2025-07-07,isha.agarwal703@example.com
C0704,Ananya Malhotra,Gurugram,Haryana,2024-05-23,ananya.malhotra704@example.com
C0705,Aditya Khanna,Noida,Uttar Pradesh,2024-12-20,aditya.khanna705@example.com
C0706,Vivaan Verma,Pune,Maharashtra,2024-08-25,vivaan.verma706@example.com
C0707,Aditya Kapoor,Lucknow,Uttar Pradesh,2025-09-20,aditya.kapoor707@example.com
C0708,Nisha Malhotra,Gurugram,Haryana,2024-11-30,nisha.malhotra708@example.com
C0709,Aarav Agarwal,Chennai,Tamil Nadu,2025-04-06,aarav.agarwal709@example.com
C0710,Priya Mehta,Kolkata,West Bengal,2025-07-20,priya.mehta710@example.com
C0711,Isha Malhotra,Bengaluru,Karnataka,2025-11-27,isha.malhotra711@example.com
C0712,Kavya Agarwal,Pune,Maharashtra,2024-03-28,kavya.agarwal712@example.com
C0713,Nisha Singh,Gurugram,Haryana,2024-09-09,nisha.singh713@example.com
C0714,Aditya Verma,Chennai,Tamil Nadu,2024-06-06,aditya.verma714@example.com
C0715,Isha Sethi,Gurugram,Haryana,2025-10-11,isha.sethi715@example.com
C0716,Kabir Sethi,Pune,Maharashtra,2024-11-20,kabir.sethi716@example.com
C0717,Diya Verma,Mumbai,Maharashtra,2024-01-06,diya.verma717@example.com
C0718,Ayaan Bansal,Kolkata,West Bengal,2024-10-03,ayaan.bansal718@example.com
C0719,Arjun Gupta,Mumbai,Maharashtra,2024-07-10,arjun.gupta719@example.com
C0720,Meera Bansal,Ahmedabad,Gujarat,2025-07-22,meera.bansal720@example.com
C0721,Aditi Malhotra,Mumbai,Maharashtra,2024-01-27,aditi.malhotra721@example.com
C0722,Aditya Kapoor,Ahmedabad,Gujarat,2024-04-05,aditya.kapoor722@example.com
C0723,Nisha Jain,Gurugram,Haryana,2024-11-28,nisha.jain723@example.com
C0724,Isha Sharma,Chennai,Tamil Nadu,2025-02-27,isha.sharma724@example.com
C0725,Isha Arora,Mumbai,Maharashtra,2025-07-26,isha.arora725@example.com
C0726,Karan Jain,Ahmedabad,Gujarat,2024-06-22,karan.jain726@example.com
C0727,Isha Gupta,Bengaluru,Karnataka,2024-10-02,isha.gupta727@example.com
C0728,Ayaan Singh,Jaipur,Rajasthan,2024-05-29,ayaan.singh728@example.com
C0729,Aditya Gupta,Pune,Maharashtra,2024-10-09,aditya.gupta729@example.com
C0730,Meera Singh,Jaipur,Rajasthan,2024-03-19,meera.singh730@example.com
C0731,Diya Singh,Hyderabad,Telangana,2025-10-02,diya.singh731@example.com
C0732,Priya Jain,Lucknow,Uttar Pradesh,2024-07-19,priya.jain732@example.com
C0733,Riya Verma,Bengaluru,Karnataka,2024-11-07,riya.verma733@example.com
C0734,Aarav Malhotra,Kolkata,West Bengal,2025-09-27,aarav.malhotra734@example.com
C0735,Isha Arora,Kochi,Kerala,2024-12-03,isha.arora735@example.com
C0736,Riya Kapoor,Pune,Maharashtra,2025-10-28,riya.kapoor736@example.com
C0737,Nisha Gupta,Chennai,Tamil Nadu,2024-11-24,nisha.gupta737@example.com
C0738,Nisha Sethi,Hyderabad,Telangana,2025-05-05,nisha.sethi738@example.com
C0739,Ananya Gupta,Pune,Maharashtra,2024-11-22,ananya.gupta739@example.com
C0740,Ayaan Sethi,Noida,Uttar Pradesh,2025-10-10,ayaan.sethi740@example.com
C0741,Priya Jain,Gurugram,Haryana,2024-09-05,priya.jain741@example.com
C0742,Ananya Malhotra,Chennai,Tamil Nadu,2025-02-06,ananya.malhotra742@example.com
C0743,Diya Verma,Indore,Madhya Pradesh,2025-07-31,diya.verma743@example.com
C0744,Rahul Jain,Ahmedabad,Gujarat,2024-07-03,rahul.jain744@example.com
C0745,Sneha Sharma,Noida,Uttar Pradesh,2025-04-17,sneha.sharma745@example.com
C0746,Rahul Bansal,Gurugram,Haryana,2024-10-25,rahul.bansal746@example.com
C0747,Aditya Chopra,Kochi,Kerala,2025-02-22,aditya.chopra747@example.com
C0748,Priya Gupta,Chandigarh,Chandigarh,2024-11-06,priya.gupta748@example.com
C0749,Karan Singh,Chandigarh,Chandigarh,2024-06-06,karan.singh749@example.com
C0750,Meera Arora,Pune,Maharashtra,2024-03-16,meera.arora750@example.com
C0751,Riya Jain,Jaipur,Rajasthan,2025-08-19,riya.jain751@example.com
C0752,Isha Khanna,Ahmedabad,Gujarat,2025-12-09,isha.khanna752@example.com
C0753,Meera Khanna,Delhi,Delhi,2025-01-03,meera.khanna753@example.com
C0754,Sneha Jain,Chandigarh,Chandigarh,2024-03-28,sneha.jain754@example.com
C0755,Arjun Arora,Hyderabad,Telangana,2025-11-04,arjun.arora755@example.com
C0756,Diya Gupta,Chandigarh,Chandigarh,2025-09-19,diya.gupta756@example.com
C0757,Vivaan Jain,Chandigarh,Chandigarh,2025-11-24,vivaan.jain757@example.com
C0758,Isha Arora,Kolkata,West Bengal,2025-03-16,isha.arora758@example.com
C0759,Arjun Sharma,Mumbai,Maharashtra,2024-09-21,arjun.sharma759@example.com
C0760,Karan Khanna,Noida,Uttar Pradesh,2025-06-15,karan.khanna760@example.com
C0761,Sneha Jain,Noida,Uttar Pradesh,2025-08-12,sneha.jain761@example.com
C0762,Karan Bansal,Kolkata,West Bengal,2025-02-04,karan.bansal762@example.com
C0763,Riya Arora,Chandigarh,Chandigarh,2025-08-25,riya.arora763@example.com
C0764,Aditi Gupta,Kolkata,West Bengal,2024-01-26,aditi.gupta764@example.com
C0765,Priya Verma,Chennai,Tamil Nadu,2025-03-01,priya.verma765@example.com
C0766,Aditya Verma,Kochi,Kerala,2024-05-25,aditya.verma766@example.com
C0767,Diya Singh,Kolkata,West Bengal,2025-04-11,diya.singh767@example.com
C0768,Rahul Khanna,Jaipur,Rajasthan,2024-12-22,rahul.khanna768@example.com
C0769,Priya Verma,Jaipur,Rajasthan,2025-12-14,priya.verma769@example.com
C0770,Riya Kapoor,Mumbai,Maharashtra,2024-11-03,riya.kapoor770@example.com
C0771,Vivaan Arora,Noida,Uttar Pradesh,2024-04-27,vivaan.arora771@example.com
C0772,Aarav Chopra,Kolkata,West Bengal,2025-10-25,aarav.chopra772@example.com
C0773,Arjun Agarwal,Gurugram,Haryana,2024-06-17,arjun.agarwal773@example.com
C0774,Karan Khanna,Bengaluru,Karnataka,2025-07-19,karan.khanna774@example.com
C0775,Rohan Kapoor,Ahmedabad,Gujarat,2025-03-12,rohan.kapoor775@example.com
C0776,Riya Mehta,Gurugram,Haryana,2025-02-18,riya.mehta776@example.com
C0777,Rohan Gupta,Chandigarh,Chandigarh,2025-11-04,rohan.gupta777@example.com
C0778,Meera Malhotra,Delhi,Delhi,2025-09-20,meera.malhotra778@example.com
C0779,Rahul Bansal,Lucknow,Uttar Pradesh,2025-03-15,rahul.bansal779@example.com
C0780,Isha Sharma,Noida,Uttar Pradesh,2024-08-07,isha.sharma780@example.com
C0781,Rahul Singh,Gurugram,Haryana,2025-12-21,rahul.singh781@example.com
C0782,Aditya Jain,Mumbai,Maharashtra,2025-07-03,aditya.jain782@example.com
C0783,Rohan Kapoor,Kolkata,West Bengal,2024-07-20,rohan.kapoor783@example.com
C0784,Riya Verma,Chennai,Tamil Nadu,2025-11-17,riya.verma784@example.com
C0785,Priya Khanna,Chandigarh,Chandigarh,2024-11-16,priya.khanna785@example.com
C0786,Nisha Malhotra,Lucknow,Uttar Pradesh,2025-02-05,nisha.malhotra786@example.com
C0787,Kavya Verma,Kolkata,West Bengal,2024-12-26,kavya.verma787@example.com
C0788,Riya Jain,Bengaluru,Karnataka,2025-11-20,riya.jain788@example.com
C0789,Ayaan Mishra,Lucknow,Uttar Pradesh,2025-08-27,ayaan.mishra789@example.com
C0790,Aditya Agarwal,Bengaluru,Karnataka,2024-11-16,aditya.agarwal790@example.com
C0791,Arjun Mehta,Chennai,Tamil Nadu,2024-04-29,arjun.mehta791@example.com
C0792,Rohan Kapoor,Noida,Uttar Pradesh,2024-05-24,rohan.kapoor792@example.com
C0793,Aditi Malhotra,Pune,Maharashtra,2025-09-02,aditi.malhotra793@example.com
C0794,Kabir Jain,Pune,Maharashtra,2025-03-09,kabir.jain794@example.com
C0795,Rohan Bansal,Chandigarh,Chandigarh,2025-07-04,rohan.bansal795@example.com
C0796,Rohan Khanna,Bengaluru,Karnataka,2025-05-16,rohan.khanna796@example.com
C0797,Ayaan Gupta,Bengaluru,Karnataka,2024-11-18,ayaan.gupta797@example.com
C0798,Riya Jain,Delhi,Delhi,2025-01-02,riya.jain798@example.com
C0799,Aarav Bansal,Bengaluru,Karnataka,2024-07-18,aarav.bansal799@example.com
C0800,Isha Khanna,Ahmedabad,Gujarat,2025-10-30,isha.khanna800@example.com
C0801,Priya Malhotra,Chandigarh,Chandigarh,2025-05-18,priya.malhotra801@example.com
C0802,Meera Sethi,Kochi,Kerala,2025-03-30,meera.sethi802@example.com
C0803,Priya Gupta,Mumbai,Maharashtra,2025-08-01,priya.gupta803@example.com
C0804,Aarav Arora,Gurugram,Haryana,2024-08-13,aarav.arora804@example.com
C0805,Ayaan Sharma,Chennai,Tamil Nadu,2024-08-18,ayaan.sharma805@example.com
C0806,Sneha Singh,Bengaluru,Karnataka,2025-04-13,sneha.singh806@example.com
C0807,Kavya Sethi,Gurugram,Haryana,2025-05-22,kavya.sethi807@example.com
C0808,Sneha Khanna,Mumbai,Maharashtra,2025-08-09,sneha.khanna808@example.com
C0809,Arjun Singh,Gurugram,Haryana,2025-07-10,arjun.singh809@example.com
C0810,Diya Khanna,Kochi,Kerala,2024-02-12,diya.khanna810@example.com
C0811,Riya Khanna,Hyderabad,Telangana,2025-03-11,riya.khanna811@example.com
C0812,Arjun Sethi,Kochi,Kerala,2025-10-31,arjun.sethi812@example.com
C0813,Karan Singh,Kochi,Kerala,2024-02-03,karan.singh813@example.com
C0814,Riya Singh,Kolkata,West Bengal,2024-03-30,riya.singh814@example.com
C0815,Riya Chopra,Mumbai,Maharashtra,2024-08-30,riya.chopra815@example.com
C0816,Rahul Arora,Noida,Uttar Pradesh,2025-08-25,rahul.arora816@example.com
C0817,Diya Chopra,Noida,Uttar Pradesh,2025-09-16,diya.chopra817@example.com
C0818,Meera Gupta,Lucknow,Uttar Pradesh,2024-05-22,meera.gupta818@example.com
C0819,Rahul Chopra,Hyderabad,Telangana,2024-03-01,rahul.chopra819@example.com
C0820,Kavya Kapoor,Ahmedabad,Gujarat,2024-10-14,kavya.kapoor820@example.com
C0821,Nisha Khanna,Bengaluru,Karnataka,2024-11-27,nisha.khanna821@example.com
C0822,Ayaan Singh,Lucknow,Uttar Pradesh,2024-09-30,ayaan.singh822@example.com
C0823,Aditi Mishra,Chandigarh,Chandigarh,2024-04-07,aditi.mishra823@example.com
C0824,Kabir Arora,Gurugram,Haryana,2025-02-25,kabir.arora824@example.com
C0825,Vivaan Singh,Kochi,Kerala,2025-11-02,vivaan.singh825@example.com
C0826,Kabir Sethi,Kochi,Kerala,2024-05-15,kabir.sethi826@example.com
C0827,Karan Gupta,Noida,Uttar Pradesh,2024-11-25,karan.gupta827@example.com
C0828,Karan Arora,Kochi,Kerala,2025-11-23,karan.arora828@example.com
C0829,Isha Bansal,Bengaluru,Karnataka,2025-08-14,isha.bansal829@example.com
C0830,Ishaan Agarwal,Pune,Maharashtra,2025-01-19,ishaan.agarwal830@example.com
C0831,Riya Verma,Chandigarh,Chandigarh,2024-04-05,riya.verma831@example.com
C0832,Isha Khanna,Noida,Uttar Pradesh,2024-10-11,isha.khanna832@example.com
C0833,Diya Bansal,Jaipur,Rajasthan,2024-12-01,diya.bansal833@example.com
C0834,Kavya Sharma,Kochi,Kerala,2024-04-05,kavya.sharma834@example.com
C0835,Riya Agarwal,Chandigarh,Chandigarh,2025-12-15,riya.agarwal835@example.com
C0836,Diya Chopra,Mumbai,Maharashtra,2025-07-01,diya.chopra836@example.com
C0837,Isha Mehta,Pune,Maharashtra,2024-08-04,isha.mehta837@example.com
C0838,Priya Singh,Kolkata,West Bengal,2024-10-17,priya.singh838@example.com
C0839,Ananya Khanna,Lucknow,Uttar Pradesh,2024-05-13,ananya.khanna839@example.com
C0840,Kavya Chopra,Jaipur,Rajasthan,2024-12-17,kavya.chopra840@example.com
C0841,Vivaan Sharma,Mumbai,Maharashtra,2025-10-03,vivaan.sharma841@example.com
C0842,Riya Sharma,Mumbai,Maharashtra,2024-06-10,riya.sharma842@example.com
C0843,Riya Bansal,Delhi,Delhi,2025-03-14,riya.bansal843@example.com
C0844,Rahul Sethi,Indore,Madhya Pradesh,2024-05-15,rahul.sethi844@example.com
C0845,Ayaan Gupta,Kochi,Kerala,2024-10-07,ayaan.gupta845@example.com
C0846,Aditya Agarwal,Kolkata,West Bengal,2024-09-13,aditya.agarwal846@example.com
C0847,Aditya Kapoor,Chandigarh,Chandigarh,2025-10-26,aditya.kapoor847@example.com
C0848,Rohan Sharma,Pune,Maharashtra,2025-10-02,rohan.sharma848@example.com
C0849,Ayaan Sethi,Noida,Uttar Pradesh,2024-08-27,ayaan.sethi849@example.com
C0850,Meera Agarwal,Mumbai,Maharashtra,2025-12-21,meera.agarwal850@example.com
C0851,Arjun Sharma,Hyderabad,Telangana,2025-05-03,arjun.sharma851@example.com
C0852,Aditya Gupta,Lucknow,Uttar Pradesh,2024-08-19,aditya.gupta852@example.com
C0853,Aditi Agarwal,Jaipur,Rajasthan,2024-01-10,aditi.agarwal853@example.com
C0854,Aarav Sethi,Kolkata,West Bengal,2024-05-03,aarav.sethi854@example.com
C0855,Meera Sethi,Bengaluru,Karnataka,2025-05-04,meera.sethi855@example.com
C0856,Aditya Mehta,Pune,Maharashtra,2024-04-01,aditya.mehta856@example.com
C0857,Arjun Verma,Kolkata,West Bengal,2025-01-11,arjun.verma857@example.com
C0858,Ayaan Gupta,Pune,Maharashtra,2024-05-16,ayaan.gupta858@example.com
C0859,Kabir Verma,Ahmedabad,Gujarat,2025-07-30,kabir.verma859@example.com
C0860,Aarav Jain,Chandigarh,Chandigarh,2024-06-17,aarav.jain860@example.com
C0861,Riya Kapoor,Noida,Uttar Pradesh,2024-08-06,riya.kapoor861@example.com
C0862,Kabir Mishra,Pune,Maharashtra,2025-09-22,kabir.mishra862@example.com
C0863,Riya Chopra,Hyderabad,Telangana,2024-03-29,riya.chopra863@example.com
C0864,Arjun Gupta,Gurugram,Haryana,2024-05-06,arjun.gupta864@example.com
C0865,Kavya Sethi,Pune,Maharashtra,2024-12-25,kavya.sethi865@example.com
C0866,Meera Kapoor,Gurugram,Haryana,2024-05-23,meera.kapoor866@example.com
C0867,Karan Singh,Chandigarh,Chandigarh,2024-03-27,karan.singh867@example.com
C0868,Karan Khanna,Lucknow,Uttar Pradesh,2025-09-06,karan.khanna868@example.com
C0869,Nisha Singh,Gurugram,Haryana,2025-12-08,nisha.singh869@example.com
C0870,Aarav Chopra,Kochi,Kerala,2025-11-05,aarav.chopra870@example.com
C0871,Ayaan Mehta,Ahmedabad,Gujarat,2025-09-13,ayaan.mehta871@example.com
C0872,Aditi Mehta,Noida,Uttar Pradesh,2025-02-05,aditi.mehta872@example.com
C0873,Ayaan Agarwal,Delhi,Delhi,2024-09-02,ayaan.agarwal873@example.com
C0874,Priya Malhotra,Mumbai,Maharashtra,2024-09-03,priya.malhotra874@example.com
C0875,Priya Agarwal,Lucknow,Uttar Pradesh,2024-03-13,priya.agarwal875@example.com
C0876,Aditi Mishra,Delhi,Delhi,2025-01-04,aditi.mishra876@example.com
C0877,Ananya Gupta,Pune,Maharashtra,2025-08-05,ananya.gupta877@example.com
C0878,Meera Kapoor,Ahmedabad,Gujarat,2025-11-30,meera.kapoor878@example.com
C0879,Rohan Arora,Jaipur,Rajasthan,2024-03-15,rohan.arora879@example.com
C0880,Aarav Jain,Mumbai,Maharashtra,2024-01-15,aarav.jain880@example.com
C0881,Ishaan Mehta,Delhi,Delhi,2024-03-02,ishaan.mehta881@example.com
C0882,Isha Khanna,Chennai,Tamil Nadu,2025-10-05,isha.khanna882@example.com
C0883,Aditi Arora,Pune,Maharashtra,2025-03-09,aditi.arora883@example.com
C0884,Isha Verma,Chandigarh,Chandigarh,2025-07-03,isha.verma884@example.com
C0885,Sneha Jain,Bengaluru,Karnataka,2024-10-11,sneha.jain885@example.com
C0886,Aditya Singh,Mumbai,Maharashtra,2025-06-07,aditya.singh886@example.com
C0887,Rahul Arora,Bengaluru,Karnataka,2025-07-03,rahul.arora887@example.com
C0888,Ananya Malhotra,Lucknow,Uttar Pradesh,2025-10-11,ananya.malhotra888@example.com
C0889,Aditya Singh,Noida,Uttar Pradesh,2025-03-23,aditya.singh889@example.com
C0890,Karan Sharma,Hyderabad,Telangana,2024-03-29,karan.sharma890@example.com
C0891,Meera Verma,Jaipur,Rajasthan,2025-09-18,meera.verma891@example.com
C0892,Nisha Sharma,Chennai,Tamil Nadu,2025-11-13,nisha.sharma892@example.com
C0893,Rohan Verma,Delhi,Delhi,2025-12-25,rohan.verma893@example.com
C0894,Kabir Sethi,Delhi,Delhi,2024-06-16,kabir.sethi894@example.com
C0895,Priya Kapoor,Ahmedabad,Gujarat,2025-06-13,priya.kapoor895@example.com
C0896,Ishaan Gupta,Kolkata,West Bengal,2024-05-09,ishaan.gupta896@example.com
C0897,Ishaan Sethi,Indore,Madhya Pradesh,2024-04-30,ishaan.sethi897@example.com
C0898,Aarav Kapoor,Gurugram,Haryana,2025-03-15,aarav.kapoor898@example.com
C0899,Ishaan Khanna,Mumbai,Maharashtra,2024-09-26,ishaan.khanna899@example.com
C0900,Kavya Agarwal,Mumbai,Maharashtra,2025-05-23,kavya.agarwal900@example.com
C0901,Riya Khanna,Kolkata,West Bengal,2024-02-26,riya.khanna901@example.com
C0902,Priya Chopra,Lucknow,Uttar Pradesh,2024-06-19,priya.chopra902@example.com
C0903,Diya Gupta,Chennai,Tamil Nadu,2024-04-15,diya.gupta903@example.com
C0904,Kavya Agarwal,Noida,Uttar Pradesh,2024-04-28,kavya.agarwal904@example.com
C0905,Karan Sethi,Ahmedabad,Gujarat,2024-01-03,karan.sethi905@example.com
C0906,Vivaan Chopra,Kochi,Kerala,2024-01-13,vivaan.chopra906@example.com
C0907,Karan Sharma,Jaipur,Rajasthan,2025-01-07,karan.sharma907@example.com
C0908,Isha Mishra,Bengaluru,Karnataka,2024-07-02,isha.mishra908@example.com
C0909,Vivaan Khanna,Gurugram,Haryana,2025-11-02,vivaan.khanna909@example.com
C0910,Meera Mehta,Kolkata,West Bengal,2024-09-11,meera.mehta910@example.com
C0911,Meera Mishra,Noida,Uttar Pradesh,2024-11-23,meera.mishra911@example.com
C0912,Ishaan Chopra,Mumbai,Maharashtra,2025-08-08,ishaan.chopra912@example.com
C0913,Diya Verma,Ahmedabad,Gujarat,2025-11-20,diya.verma913@example.com
C0914,Vivaan Gupta,Hyderabad,Telangana,2025-06-12,vivaan.gupta914@example.com
C0915,Vivaan Malhotra,Mumbai,Maharashtra,2025-04-21,vivaan.malhotra915@example.com
C0916,Ayaan Arora,Kochi,Kerala,2024-11-14,ayaan.arora916@example.com
C0917,Ananya Verma,Ahmedabad,Gujarat,2025-04-12,ananya.verma917@example.com
C0918,Aarav Kapoor,Hyderabad,Telangana,2024-10-25,aarav.kapoor918@example.com
C0919,Kavya Arora,Chennai,Tamil Nadu,2025-09-29,kavya.arora919@example.com
C0920,Karan Bansal,Kolkata,West Bengal,2025-08-28,karan.bansal920@example.com
C0921,Priya Arora,Gurugram,Haryana,2024-07-19,priya.arora921@example.com
C0922,Sneha Arora,Gurugram,Haryana,2024-09-08,sneha.arora922@example.com
C0923,Kabir Sharma,Indore,Madhya Pradesh,2025-02-23,kabir.sharma923@example.com
C0924,Aarav Mehta,Ahmedabad,Gujarat,2024-12-20,aarav.mehta924@example.com
C0925,Aarav Kapoor,Delhi,Delhi,2025-11-04,aarav.kapoor925@example.com
C0926,Isha Chopra,Noida,Uttar Pradesh,2024-11-10,isha.chopra926@example.com
C0927,Arjun Mehta,Ahmedabad,Gujarat,2024-08-31,arjun.mehta927@example.com
C0928,Meera Bansal,Delhi,Delhi,2024-05-25,meera.bansal928@example.com
C0929,Ishaan Verma,Delhi,Delhi,2024-08-25,ishaan.verma929@example.com
C0930,Aditi Malhotra,Noida,Uttar Pradesh,2025-01-16,aditi.malhotra930@example.com
C0931,Riya Sethi,Mumbai,Maharashtra,2025-08-17,riya.sethi931@example.com
C0932,Arjun Khanna,Bengaluru,Karnataka,2025-10-14,arjun.khanna932@example.com
C0933,Isha Verma,Lucknow,Uttar Pradesh,2025-08-04,isha.verma933@example.com
C0934,Vivaan Malhotra,Chandigarh,Chandigarh,2024-05-13,vivaan.malhotra934@example.com
C0935,Karan Singh,Chennai,Tamil Nadu,2024-11-18,karan.singh935@example.com
C0936,Isha Sethi,Kochi,Kerala,2024-11-30,isha.sethi936@example.com
C0937,Ananya Bansal,Chennai,Tamil Nadu,2024-08-27,ananya.bansal937@example.com
C0938,Aditya Mehta,Bengaluru,Karnataka,2025-08-21,aditya.mehta938@example.com
C0939,Arjun Gupta,Mumbai,Maharashtra,2024-06-17,arjun.gupta939@example.com
C0940,Riya Bansal,Kolkata,West Bengal,2025-02-20,riya.bansal940@example.com
C0941,Arjun Khanna,Kolkata,West Bengal,2024-07-31,arjun.khanna941@example.com
C0942,Riya Singh,Jaipur,Rajasthan,2024-09-28,riya.singh942@example.com
C0943,Arjun Verma,Bengaluru,Karnataka,2025-12-03,arjun.verma943@example.com
C0944,Ayaan Chopra,Noida,Uttar Pradesh,2025-12-14,ayaan.chopra944@example.com
C0945,Nisha Sharma,Hyderabad,Telangana,2024-12-01,nisha.sharma945@example.com
C0946,Kabir Verma,Noida,Uttar Pradesh,2024-09-11,kabir.verma946@example.com
C0947,Diya Malhotra,Ahmedabad,Gujarat,2024-02-20,diya.malhotra947@example.com
C0948,Ayaan Singh,Kochi,Kerala,2024-06-27,ayaan.singh948@example.com
C0949,Aarav Malhotra,Kochi,Kerala,2025-04-08,aarav.malhotra949@example.com
C0950,Sneha Sethi,Ahmedabad,Gujarat,2024-09-12,sneha.sethi950@example.com
C0951,Arjun Bansal,Mumbai,Maharashtra,2024-05-23,arjun.bansal951@example.com
C0952,Arjun Sharma,Delhi,Delhi,2024-08-15,arjun.sharma952@example.com
C0953,Kabir Mehta,Kochi,Kerala,2025-02-14,kabir.mehta953@example.com
C0954,Diya Agarwal,Chandigarh,Chandigarh,2025-10-22,diya.agarwal954@example.com
C0955,Aditya Jain,Lucknow,Uttar Pradesh,2024-09-22,aditya.jain955@example.com
C0956,Aditya Sharma,Mumbai,Maharashtra,2024-07-21,aditya.sharma956@example.com
C0957,Riya Arora,Bengaluru,Karnataka,2024-04-04,riya.arora957@example.com
C0958,Ananya Verma,Delhi,Delhi,2025-04-17,ananya.verma958@example.com
C0959,Vivaan Gupta,Indore,Madhya Pradesh,2025-08-10,vivaan.gupta959@example.com
C0960,Meera Chopra,Noida,Uttar Pradesh,2025-02-08,meera.chopra960@example.com
C0961,Priya Sharma,Pune,Maharashtra,2025-11-30,priya.sharma961@example.com
C0962,Meera Gupta,Kolkata,West Bengal,2024-08-07,meera.gupta962@example.com
C0963,Rohan Singh,Chennai,Tamil Nadu,2025-04-01,rohan.singh963@example.com
C0964,Kabir Sharma,Lucknow,Uttar Pradesh,2025-09-26,kabir.sharma964@example.com
C0965,Nisha Mehta,Chandigarh,Chandigarh,2024-10-29,nisha.mehta965@example.com
C0966,Priya Malhotra,Indore,Madhya Pradesh,2025-07-17,priya.malhotra966@example.com
C0967,Priya Sharma,Mumbai,Maharashtra,2024-10-13,priya.sharma967@example.com
C0968,Isha Gupta,Pune,Maharashtra,2024-07-23,isha.gupta968@example.com
C0969,Aditi Mehta,Chandigarh,Chandigarh,2025-07-10,aditi.mehta969@example.com
C0970,Aarav Malhotra,Gurugram,Haryana,2025-12-31,aarav.malhotra970@example.com
C0971,Diya Bansal,Ahmedabad,Gujarat,2025-05-11,diya.bansal971@example.com
C0972,Diya Mishra,Lucknow,Uttar Pradesh,2025-05-29,diya.mishra972@example.com
C0973,Ananya Malhotra,Chennai,Tamil Nadu,2024-07-03,ananya.malhotra973@example.com
C0974,Aarav Kapoor,Lucknow,Uttar Pradesh,2024-08-12,aarav.kapoor974@example.com
C0975,Aarav Mishra,Gurugram,Haryana,2024-10-14,aarav.mishra975@example.com
C0976,Vivaan Arora,Jaipur,Rajasthan,2025-06-26,vivaan.arora976@example.com
C0977,Diya Arora,Lucknow,Uttar Pradesh,2024-08-26,diya.arora977@example.com
C0978,Rohan Verma,Hyderabad,Telangana,2025-11-03,rohan.verma978@example.com
C0979,Karan Singh,Ahmedabad,Gujarat,2024-02-27,karan.singh979@example.com
C0980,Karan Jain,Kochi,Kerala,2025-02-01,karan.jain980@example.com
C0981,Diya Mishra,Kochi,Kerala,2024-06-26,diya.mishra981@example.com
C0982,Rohan Mehta,Lucknow,Uttar Pradesh,2024-11-21,rohan.mehta982@example.com
C0983,Diya Mishra,Lucknow,Uttar Pradesh,2024-01-29,diya.mishra983@example.com
C0984,Diya Jain,Lucknow,Uttar Pradesh,2024-05-25,diya.jain984@example.com
C0985,Kavya Mehta,Kochi,Kerala,2025-05-19,kavya.mehta985@example.com
C0986,Sneha Singh,Bengaluru,Karnataka,2025-05-17,sneha.singh986@example.com
C0987,Vivaan Verma,Delhi,Delhi,2024-08-26,vivaan.verma987@example.com
C0988,Nisha Mehta,Delhi,Delhi,2025-06-23,nisha.mehta988@example.com
C0989,Priya Sharma,Kolkata,West Bengal,2025-09-20,priya.sharma989@example.com
C0990,Rahul Arora,Bengaluru,Karnataka,2024-12-14,rahul.arora990@example.com
C0991,Rohan Mishra,Gurugram,Haryana,2024-11-27,rohan.mishra991@example.com
C0992,Vivaan Sharma,Bengaluru,Karnataka,2025-08-23,vivaan.sharma992@example.com
C0993,Kabir Arora,Mumbai,Maharashtra,2025-06-22,kabir.arora993@example.com
C0994,Diya Verma,Kolkata,West Bengal,2025-12-22,diya.verma994@example.com
C0995,Isha Jain,Mumbai,Maharashtra,2024-12-10,isha.jain995@example.com
C0996,Ayaan Kapoor,Bengaluru,Karnataka,2024-06-10,ayaan.kapoor996@example.com
C0997,Meera Arora,Chandigarh,Chandigarh,2025-05-13,meera.arora997@example.com
C0998,Ananya Gupta,Noida,Uttar Pradesh,2025-07-29,ananya.gupta998@example.com
C0999,Nisha Arora,Kolkata,West Bengal,2024-08-16,nisha.arora999@example.com
C1000,Kavya Chopra,Bengaluru,Karnataka,2025-01-22,kavya.chopra1000@example.com
